dag_label,dag_variant,algorithm,hardware_size,logical_qubits,dag_seed,ff_chain_depth,ff_chain_depth_raw,ff_chain_depth_shifted,policy,release_mode,issue_width,l_meas,l_ff,meas_width,ff_width,total_nodes,total_cycles,throughput,stall_cycles,stall_rate,utilization
QAOA_H4_Q16_s0_raw,raw,QAOA,4,16,0,37,37,2,asap,next_cycle,4,1,2,4,1,354,358,0.988827,66,0.184358,0.247207
QAOA_H4_Q16_s0_raw,raw,QAOA,4,16,0,37,37,2,asap,next_cycle,4,1,2,8,1,354,358,0.988827,66,0.184358,0.247207
QAOA_H4_Q16_s0_raw,raw,QAOA,4,16,0,37,37,2,asap,next_cycle,4,1,2,16,1,354,358,0.988827,66,0.184358,0.247207
QAOA_H4_Q16_s0_raw,raw,QAOA,4,16,0,37,37,2,ff_rate_matched,next_cycle,4,1,2,4,1,354,358,0.988827,6,0.01676,0.247207
QAOA_H4_Q16_s0_raw,raw,QAOA,4,16,0,37,37,2,ff_rate_matched,next_cycle,4,1,2,8,1,354,358,0.988827,6,0.01676,0.247207
QAOA_H4_Q16_s0_raw,raw,QAOA,4,16,0,37,37,2,ff_rate_matched,next_cycle,4,1,2,16,1,354,358,0.988827,6,0.01676,0.247207
QAOA_H4_Q16_s0_raw,raw,QAOA,4,16,0,37,37,2,asap,next_cycle,8,1,2,4,1,354,358,0.988827,66,0.184358,0.123603
QAOA_H4_Q16_s0_raw,raw,QAOA,4,16,0,37,37,2,asap,next_cycle,8,1,2,8,1,354,358,0.988827,67,0.187151,0.123603
QAOA_H4_Q16_s0_raw,raw,QAOA,4,16,0,37,37,2,asap,next_cycle,8,1,2,16,1,354,358,0.988827,67,0.187151,0.123603
QAOA_H4_Q16_s0_raw,raw,QAOA,4,16,0,37,37,2,ff_rate_matched,next_cycle,8,1,2,4,1,354,358,0.988827,6,0.01676,0.123603
QAOA_H4_Q16_s0_raw,raw,QAOA,4,16,0,37,37,2,ff_rate_matched,next_cycle,8,1,2,8,1,354,358,0.988827,10,0.027933,0.123603
QAOA_H4_Q16_s0_raw,raw,QAOA,4,16,0,37,37,2,ff_rate_matched,next_cycle,8,1,2,16,1,354,358,0.988827,10,0.027933,0.123603
QAOA_H4_Q16_s0_raw,raw,QAOA,4,16,0,37,37,2,asap,next_cycle,16,1,2,4,1,354,358,0.988827,66,0.184358,0.061802
QAOA_H4_Q16_s0_raw,raw,QAOA,4,16,0,37,37,2,asap,next_cycle,16,1,2,8,1,354,358,0.988827,67,0.187151,0.061802
QAOA_H4_Q16_s0_raw,raw,QAOA,4,16,0,37,37,2,asap,next_cycle,16,1,2,16,1,354,358,0.988827,68,0.189944,0.061802
QAOA_H4_Q16_s0_raw,raw,QAOA,4,16,0,37,37,2,ff_rate_matched,next_cycle,16,1,2,4,1,354,358,0.988827,6,0.01676,0.061802
QAOA_H4_Q16_s0_raw,raw,QAOA,4,16,0,37,37,2,ff_rate_matched,next_cycle,16,1,2,8,1,354,358,0.988827,10,0.027933,0.061802
QAOA_H4_Q16_s0_raw,raw,QAOA,4,16,0,37,37,2,ff_rate_matched,next_cycle,16,1,2,16,1,354,358,0.988827,18,0.050279,0.061802
QAOA_H4_Q16_s1_raw,raw,QAOA,4,16,1,28,28,2,asap,next_cycle,4,1,2,4,1,324,327,0.990826,66,0.201835,0.247706
QAOA_H4_Q16_s1_raw,raw,QAOA,4,16,1,28,28,2,asap,next_cycle,4,1,2,8,1,324,327,0.990826,66,0.201835,0.247706
QAOA_H4_Q16_s1_raw,raw,QAOA,4,16,1,28,28,2,asap,next_cycle,4,1,2,16,1,324,327,0.990826,66,0.201835,0.247706
QAOA_H4_Q16_s1_raw,raw,QAOA,4,16,1,28,28,2,ff_rate_matched,next_cycle,4,1,2,4,1,324,327,0.990826,5,0.015291,0.247706
QAOA_H4_Q16_s1_raw,raw,QAOA,4,16,1,28,28,2,ff_rate_matched,next_cycle,4,1,2,8,1,324,327,0.990826,5,0.015291,0.247706
QAOA_H4_Q16_s1_raw,raw,QAOA,4,16,1,28,28,2,ff_rate_matched,next_cycle,4,1,2,16,1,324,327,0.990826,5,0.015291,0.247706
QAOA_H4_Q16_s1_raw,raw,QAOA,4,16,1,28,28,2,asap,next_cycle,8,1,2,4,1,324,327,0.990826,66,0.201835,0.123853
QAOA_H4_Q16_s1_raw,raw,QAOA,4,16,1,28,28,2,asap,next_cycle,8,1,2,8,1,324,327,0.990826,67,0.204893,0.123853
QAOA_H4_Q16_s1_raw,raw,QAOA,4,16,1,28,28,2,asap,next_cycle,8,1,2,16,1,324,327,0.990826,67,0.204893,0.123853
QAOA_H4_Q16_s1_raw,raw,QAOA,4,16,1,28,28,2,ff_rate_matched,next_cycle,8,1,2,4,1,324,327,0.990826,5,0.015291,0.123853
QAOA_H4_Q16_s1_raw,raw,QAOA,4,16,1,28,28,2,ff_rate_matched,next_cycle,8,1,2,8,1,324,327,0.990826,9,0.027523,0.123853
QAOA_H4_Q16_s1_raw,raw,QAOA,4,16,1,28,28,2,ff_rate_matched,next_cycle,8,1,2,16,1,324,327,0.990826,9,0.027523,0.123853
QAOA_H4_Q16_s1_raw,raw,QAOA,4,16,1,28,28,2,asap,next_cycle,16,1,2,4,1,324,327,0.990826,66,0.201835,0.061927
QAOA_H4_Q16_s1_raw,raw,QAOA,4,16,1,28,28,2,asap,next_cycle,16,1,2,8,1,324,327,0.990826,67,0.204893,0.061927
QAOA_H4_Q16_s1_raw,raw,QAOA,4,16,1,28,28,2,asap,next_cycle,16,1,2,16,1,324,327,0.990826,68,0.207951,0.061927
QAOA_H4_Q16_s1_raw,raw,QAOA,4,16,1,28,28,2,ff_rate_matched,next_cycle,16,1,2,4,1,324,327,0.990826,5,0.015291,0.061927
QAOA_H4_Q16_s1_raw,raw,QAOA,4,16,1,28,28,2,ff_rate_matched,next_cycle,16,1,2,8,1,324,327,0.990826,9,0.027523,0.061927
QAOA_H4_Q16_s1_raw,raw,QAOA,4,16,1,28,28,2,ff_rate_matched,next_cycle,16,1,2,16,1,324,327,0.990826,17,0.051988,0.061927
QAOA_H4_Q16_s2_raw,raw,QAOA,4,16,2,34,34,2,asap,next_cycle,4,1,2,4,1,318,322,0.987578,63,0.195652,0.246894
QAOA_H4_Q16_s2_raw,raw,QAOA,4,16,2,34,34,2,asap,next_cycle,4,1,2,8,1,318,322,0.987578,63,0.195652,0.246894
QAOA_H4_Q16_s2_raw,raw,QAOA,4,16,2,34,34,2,asap,next_cycle,4,1,2,16,1,318,322,0.987578,63,0.195652,0.246894
QAOA_H4_Q16_s2_raw,raw,QAOA,4,16,2,34,34,2,ff_rate_matched,next_cycle,4,1,2,4,1,318,322,0.987578,6,0.018634,0.246894
QAOA_H4_Q16_s2_raw,raw,QAOA,4,16,2,34,34,2,ff_rate_matched,next_cycle,4,1,2,8,1,318,322,0.987578,6,0.018634,0.246894
QAOA_H4_Q16_s2_raw,raw,QAOA,4,16,2,34,34,2,ff_rate_matched,next_cycle,4,1,2,16,1,318,322,0.987578,6,0.018634,0.246894
QAOA_H4_Q16_s2_raw,raw,QAOA,4,16,2,34,34,2,asap,next_cycle,8,1,2,4,1,318,322,0.987578,63,0.195652,0.123447
QAOA_H4_Q16_s2_raw,raw,QAOA,4,16,2,34,34,2,asap,next_cycle,8,1,2,8,1,318,322,0.987578,64,0.198758,0.123447
QAOA_H4_Q16_s2_raw,raw,QAOA,4,16,2,34,34,2,asap,next_cycle,8,1,2,16,1,318,322,0.987578,64,0.198758,0.123447
QAOA_H4_Q16_s2_raw,raw,QAOA,4,16,2,34,34,2,ff_rate_matched,next_cycle,8,1,2,4,1,318,322,0.987578,6,0.018634,0.123447
QAOA_H4_Q16_s2_raw,raw,QAOA,4,16,2,34,34,2,ff_rate_matched,next_cycle,8,1,2,8,1,318,322,0.987578,10,0.031056,0.123447
QAOA_H4_Q16_s2_raw,raw,QAOA,4,16,2,34,34,2,ff_rate_matched,next_cycle,8,1,2,16,1,318,322,0.987578,10,0.031056,0.123447
QAOA_H4_Q16_s2_raw,raw,QAOA,4,16,2,34,34,2,asap,next_cycle,16,1,2,4,1,318,322,0.987578,63,0.195652,0.061724
QAOA_H4_Q16_s2_raw,raw,QAOA,4,16,2,34,34,2,asap,next_cycle,16,1,2,8,1,318,322,0.987578,64,0.198758,0.061724
QAOA_H4_Q16_s2_raw,raw,QAOA,4,16,2,34,34,2,asap,next_cycle,16,1,2,16,1,318,322,0.987578,65,0.201863,0.061724
QAOA_H4_Q16_s2_raw,raw,QAOA,4,16,2,34,34,2,ff_rate_matched,next_cycle,16,1,2,4,1,318,322,0.987578,6,0.018634,0.061724
QAOA_H4_Q16_s2_raw,raw,QAOA,4,16,2,34,34,2,ff_rate_matched,next_cycle,16,1,2,8,1,318,322,0.987578,10,0.031056,0.061724
QAOA_H4_Q16_s2_raw,raw,QAOA,4,16,2,34,34,2,ff_rate_matched,next_cycle,16,1,2,16,1,318,322,0.987578,18,0.055901,0.061724
QAOA_H4_Q16_s3_raw,raw,QAOA,4,16,3,31,31,2,asap,next_cycle,4,1,2,4,1,318,324,0.981481,66,0.203704,0.24537
QAOA_H4_Q16_s3_raw,raw,QAOA,4,16,3,31,31,2,asap,next_cycle,4,1,2,8,1,318,324,0.981481,66,0.203704,0.24537
QAOA_H4_Q16_s3_raw,raw,QAOA,4,16,3,31,31,2,asap,next_cycle,4,1,2,16,1,318,324,0.981481,66,0.203704,0.24537
QAOA_H4_Q16_s3_raw,raw,QAOA,4,16,3,31,31,2,ff_rate_matched,next_cycle,4,1,2,4,1,318,323,0.98452,8,0.024768,0.24613
QAOA_H4_Q16_s3_raw,raw,QAOA,4,16,3,31,31,2,ff_rate_matched,next_cycle,4,1,2,8,1,318,323,0.98452,8,0.024768,0.24613
QAOA_H4_Q16_s3_raw,raw,QAOA,4,16,3,31,31,2,ff_rate_matched,next_cycle,4,1,2,16,1,318,323,0.98452,8,0.024768,0.24613
QAOA_H4_Q16_s3_raw,raw,QAOA,4,16,3,31,31,2,asap,next_cycle,8,1,2,4,1,318,324,0.981481,66,0.203704,0.122685
QAOA_H4_Q16_s3_raw,raw,QAOA,4,16,3,31,31,2,asap,next_cycle,8,1,2,8,1,318,324,0.981481,67,0.20679,0.122685
QAOA_H4_Q16_s3_raw,raw,QAOA,4,16,3,31,31,2,asap,next_cycle,8,1,2,16,1,318,324,0.981481,67,0.20679,0.122685
QAOA_H4_Q16_s3_raw,raw,QAOA,4,16,3,31,31,2,ff_rate_matched,next_cycle,8,1,2,4,1,318,323,0.98452,8,0.024768,0.123065
QAOA_H4_Q16_s3_raw,raw,QAOA,4,16,3,31,31,2,ff_rate_matched,next_cycle,8,1,2,8,1,318,323,0.98452,12,0.037152,0.123065
QAOA_H4_Q16_s3_raw,raw,QAOA,4,16,3,31,31,2,ff_rate_matched,next_cycle,8,1,2,16,1,318,323,0.98452,12,0.037152,0.123065
QAOA_H4_Q16_s3_raw,raw,QAOA,4,16,3,31,31,2,asap,next_cycle,16,1,2,4,1,318,324,0.981481,66,0.203704,0.061343
QAOA_H4_Q16_s3_raw,raw,QAOA,4,16,3,31,31,2,asap,next_cycle,16,1,2,8,1,318,324,0.981481,67,0.20679,0.061343
QAOA_H4_Q16_s3_raw,raw,QAOA,4,16,3,31,31,2,asap,next_cycle,16,1,2,16,1,318,324,0.981481,68,0.209877,0.061343
QAOA_H4_Q16_s3_raw,raw,QAOA,4,16,3,31,31,2,ff_rate_matched,next_cycle,16,1,2,4,1,318,323,0.98452,8,0.024768,0.061533
QAOA_H4_Q16_s3_raw,raw,QAOA,4,16,3,31,31,2,ff_rate_matched,next_cycle,16,1,2,8,1,318,323,0.98452,12,0.037152,0.061533
QAOA_H4_Q16_s3_raw,raw,QAOA,4,16,3,31,31,2,ff_rate_matched,next_cycle,16,1,2,16,1,318,323,0.98452,20,0.06192,0.061533
QAOA_H4_Q16_s4_raw,raw,QAOA,4,16,4,34,34,2,asap,next_cycle,4,1,2,4,1,318,323,0.98452,62,0.19195,0.24613
QAOA_H4_Q16_s4_raw,raw,QAOA,4,16,4,34,34,2,asap,next_cycle,4,1,2,8,1,318,323,0.98452,62,0.19195,0.24613
QAOA_H4_Q16_s4_raw,raw,QAOA,4,16,4,34,34,2,asap,next_cycle,4,1,2,16,1,318,323,0.98452,62,0.19195,0.24613
QAOA_H4_Q16_s4_raw,raw,QAOA,4,16,4,34,34,2,ff_rate_matched,next_cycle,4,1,2,4,1,318,322,0.987578,6,0.018634,0.246894
QAOA_H4_Q16_s4_raw,raw,QAOA,4,16,4,34,34,2,ff_rate_matched,next_cycle,4,1,2,8,1,318,322,0.987578,6,0.018634,0.246894
QAOA_H4_Q16_s4_raw,raw,QAOA,4,16,4,34,34,2,ff_rate_matched,next_cycle,4,1,2,16,1,318,322,0.987578,6,0.018634,0.246894
QAOA_H4_Q16_s4_raw,raw,QAOA,4,16,4,34,34,2,asap,next_cycle,8,1,2,4,1,318,323,0.98452,62,0.19195,0.123065
QAOA_H4_Q16_s4_raw,raw,QAOA,4,16,4,34,34,2,asap,next_cycle,8,1,2,8,1,318,323,0.98452,63,0.195046,0.123065
QAOA_H4_Q16_s4_raw,raw,QAOA,4,16,4,34,34,2,asap,next_cycle,8,1,2,16,1,318,323,0.98452,63,0.195046,0.123065
QAOA_H4_Q16_s4_raw,raw,QAOA,4,16,4,34,34,2,ff_rate_matched,next_cycle,8,1,2,4,1,318,322,0.987578,6,0.018634,0.123447
QAOA_H4_Q16_s4_raw,raw,QAOA,4,16,4,34,34,2,ff_rate_matched,next_cycle,8,1,2,8,1,318,322,0.987578,10,0.031056,0.123447
QAOA_H4_Q16_s4_raw,raw,QAOA,4,16,4,34,34,2,ff_rate_matched,next_cycle,8,1,2,16,1,318,322,0.987578,10,0.031056,0.123447
QAOA_H4_Q16_s4_raw,raw,QAOA,4,16,4,34,34,2,asap,next_cycle,16,1,2,4,1,318,323,0.98452,62,0.19195,0.061533
QAOA_H4_Q16_s4_raw,raw,QAOA,4,16,4,34,34,2,asap,next_cycle,16,1,2,8,1,318,323,0.98452,63,0.195046,0.061533
QAOA_H4_Q16_s4_raw,raw,QAOA,4,16,4,34,34,2,asap,next_cycle,16,1,2,16,1,318,323,0.98452,64,0.198142,0.061533
QAOA_H4_Q16_s4_raw,raw,QAOA,4,16,4,34,34,2,ff_rate_matched,next_cycle,16,1,2,4,1,318,322,0.987578,6,0.018634,0.061724
QAOA_H4_Q16_s4_raw,raw,QAOA,4,16,4,34,34,2,ff_rate_matched,next_cycle,16,1,2,8,1,318,322,0.987578,10,0.031056,0.061724
QAOA_H4_Q16_s4_raw,raw,QAOA,4,16,4,34,34,2,ff_rate_matched,next_cycle,16,1,2,16,1,318,322,0.987578,18,0.055901,0.061724
QAOA_H6_Q36_s0_raw,raw,QAOA,6,36,0,76,76,2,asap,next_cycle,4,1,2,4,1,1614,1624,0.993842,305,0.187808,0.248461
QAOA_H6_Q36_s0_raw,raw,QAOA,6,36,0,76,76,2,asap,next_cycle,4,1,2,8,1,1614,1624,0.993842,305,0.187808,0.248461
QAOA_H6_Q36_s0_raw,raw,QAOA,6,36,0,76,76,2,asap,next_cycle,4,1,2,16,1,1614,1624,0.993842,305,0.187808,0.248461
QAOA_H6_Q36_s0_raw,raw,QAOA,6,36,0,76,76,2,ff_rate_matched,next_cycle,4,1,2,4,1,1614,1622,0.995068,12,0.007398,0.248767
QAOA_H6_Q36_s0_raw,raw,QAOA,6,36,0,76,76,2,ff_rate_matched,next_cycle,4,1,2,8,1,1614,1622,0.995068,12,0.007398,0.248767
QAOA_H6_Q36_s0_raw,raw,QAOA,6,36,0,76,76,2,ff_rate_matched,next_cycle,4,1,2,16,1,1614,1622,0.995068,12,0.007398,0.248767
QAOA_H6_Q36_s0_raw,raw,QAOA,6,36,0,76,76,2,asap,next_cycle,8,1,2,4,1,1614,1624,0.993842,305,0.187808,0.12423
QAOA_H6_Q36_s0_raw,raw,QAOA,6,36,0,76,76,2,asap,next_cycle,8,1,2,8,1,1614,1624,0.993842,298,0.183498,0.12423
QAOA_H6_Q36_s0_raw,raw,QAOA,6,36,0,76,76,2,asap,next_cycle,8,1,2,16,1,1614,1624,0.993842,298,0.183498,0.12423
QAOA_H6_Q36_s0_raw,raw,QAOA,6,36,0,76,76,2,ff_rate_matched,next_cycle,8,1,2,4,1,1614,1622,0.995068,12,0.007398,0.124383
QAOA_H6_Q36_s0_raw,raw,QAOA,6,36,0,76,76,2,ff_rate_matched,next_cycle,8,1,2,8,1,1614,1622,0.995068,16,0.009864,0.124383
QAOA_H6_Q36_s0_raw,raw,QAOA,6,36,0,76,76,2,ff_rate_matched,next_cycle,8,1,2,16,1,1614,1622,0.995068,16,0.009864,0.124383
QAOA_H6_Q36_s0_raw,raw,QAOA,6,36,0,76,76,2,asap,next_cycle,16,1,2,4,1,1614,1624,0.993842,305,0.187808,0.062115
QAOA_H6_Q36_s0_raw,raw,QAOA,6,36,0,76,76,2,asap,next_cycle,16,1,2,8,1,1614,1624,0.993842,298,0.183498,0.062115
QAOA_H6_Q36_s0_raw,raw,QAOA,6,36,0,76,76,2,asap,next_cycle,16,1,2,16,1,1614,1624,0.993842,286,0.176108,0.062115
QAOA_H6_Q36_s0_raw,raw,QAOA,6,36,0,76,76,2,ff_rate_matched,next_cycle,16,1,2,4,1,1614,1622,0.995068,12,0.007398,0.062192
QAOA_H6_Q36_s0_raw,raw,QAOA,6,36,0,76,76,2,ff_rate_matched,next_cycle,16,1,2,8,1,1614,1622,0.995068,16,0.009864,0.062192
QAOA_H6_Q36_s0_raw,raw,QAOA,6,36,0,76,76,2,ff_rate_matched,next_cycle,16,1,2,16,1,1614,1622,0.995068,24,0.014797,0.062192
QAOA_H6_Q36_s1_raw,raw,QAOA,6,36,1,73,73,2,asap,next_cycle,4,1,2,4,1,1596,1599,0.998124,313,0.195747,0.249531
QAOA_H6_Q36_s1_raw,raw,QAOA,6,36,1,73,73,2,asap,next_cycle,4,1,2,8,1,1596,1599,0.998124,313,0.195747,0.249531
QAOA_H6_Q36_s1_raw,raw,QAOA,6,36,1,73,73,2,asap,next_cycle,4,1,2,16,1,1596,1599,0.998124,313,0.195747,0.249531
QAOA_H6_Q36_s1_raw,raw,QAOA,6,36,1,73,73,2,ff_rate_matched,next_cycle,4,1,2,4,1,1596,1599,0.998124,5,0.003127,0.249531
QAOA_H6_Q36_s1_raw,raw,QAOA,6,36,1,73,73,2,ff_rate_matched,next_cycle,4,1,2,8,1,1596,1599,0.998124,5,0.003127,0.249531
QAOA_H6_Q36_s1_raw,raw,QAOA,6,36,1,73,73,2,ff_rate_matched,next_cycle,4,1,2,16,1,1596,1599,0.998124,5,0.003127,0.249531
QAOA_H6_Q36_s1_raw,raw,QAOA,6,36,1,73,73,2,asap,next_cycle,8,1,2,4,1,1596,1599,0.998124,313,0.195747,0.124765
QAOA_H6_Q36_s1_raw,raw,QAOA,6,36,1,73,73,2,asap,next_cycle,8,1,2,8,1,1596,1599,0.998124,286,0.178862,0.124765
QAOA_H6_Q36_s1_raw,raw,QAOA,6,36,1,73,73,2,asap,next_cycle,8,1,2,16,1,1596,1599,0.998124,286,0.178862,0.124765
QAOA_H6_Q36_s1_raw,raw,QAOA,6,36,1,73,73,2,ff_rate_matched,next_cycle,8,1,2,4,1,1596,1599,0.998124,5,0.003127,0.124765
QAOA_H6_Q36_s1_raw,raw,QAOA,6,36,1,73,73,2,ff_rate_matched,next_cycle,8,1,2,8,1,1596,1599,0.998124,9,0.005629,0.124765
QAOA_H6_Q36_s1_raw,raw,QAOA,6,36,1,73,73,2,ff_rate_matched,next_cycle,8,1,2,16,1,1596,1599,0.998124,9,0.005629,0.124765
QAOA_H6_Q36_s1_raw,raw,QAOA,6,36,1,73,73,2,asap,next_cycle,16,1,2,4,1,1596,1599,0.998124,313,0.195747,0.062383
QAOA_H6_Q36_s1_raw,raw,QAOA,6,36,1,73,73,2,asap,next_cycle,16,1,2,8,1,1596,1599,0.998124,286,0.178862,0.062383
QAOA_H6_Q36_s1_raw,raw,QAOA,6,36,1,73,73,2,asap,next_cycle,16,1,2,16,1,1596,1599,0.998124,275,0.171982,0.062383
QAOA_H6_Q36_s1_raw,raw,QAOA,6,36,1,73,73,2,ff_rate_matched,next_cycle,16,1,2,4,1,1596,1599,0.998124,5,0.003127,0.062383
QAOA_H6_Q36_s1_raw,raw,QAOA,6,36,1,73,73,2,ff_rate_matched,next_cycle,16,1,2,8,1,1596,1599,0.998124,9,0.005629,0.062383
QAOA_H6_Q36_s1_raw,raw,QAOA,6,36,1,73,73,2,ff_rate_matched,next_cycle,16,1,2,16,1,1596,1599,0.998124,17,0.010632,0.062383
QAOA_H6_Q36_s2_raw,raw,QAOA,6,36,2,73,73,2,asap,next_cycle,4,1,2,4,1,1650,1660,0.993976,323,0.194578,0.248494
QAOA_H6_Q36_s2_raw,raw,QAOA,6,36,2,73,73,2,asap,next_cycle,4,1,2,8,1,1650,1660,0.993976,323,0.194578,0.248494
QAOA_H6_Q36_s2_raw,raw,QAOA,6,36,2,73,73,2,asap,next_cycle,4,1,2,16,1,1650,1660,0.993976,323,0.194578,0.248494
QAOA_H6_Q36_s2_raw,raw,QAOA,6,36,2,73,73,2,ff_rate_matched,next_cycle,4,1,2,4,1,1650,1658,0.995175,11,0.006634,0.248794
QAOA_H6_Q36_s2_raw,raw,QAOA,6,36,2,73,73,2,ff_rate_matched,next_cycle,4,1,2,8,1,1650,1658,0.995175,11,0.006634,0.248794
QAOA_H6_Q36_s2_raw,raw,QAOA,6,36,2,73,73,2,ff_rate_matched,next_cycle,4,1,2,16,1,1650,1658,0.995175,11,0.006634,0.248794
QAOA_H6_Q36_s2_raw,raw,QAOA,6,36,2,73,73,2,asap,next_cycle,8,1,2,4,1,1650,1660,0.993976,323,0.194578,0.124247
QAOA_H6_Q36_s2_raw,raw,QAOA,6,36,2,73,73,2,asap,next_cycle,8,1,2,8,1,1650,1660,0.993976,282,0.16988,0.124247
QAOA_H6_Q36_s2_raw,raw,QAOA,6,36,2,73,73,2,asap,next_cycle,8,1,2,16,1,1650,1660,0.993976,282,0.16988,0.124247
QAOA_H6_Q36_s2_raw,raw,QAOA,6,36,2,73,73,2,ff_rate_matched,next_cycle,8,1,2,4,1,1650,1658,0.995175,11,0.006634,0.124397
QAOA_H6_Q36_s2_raw,raw,QAOA,6,36,2,73,73,2,ff_rate_matched,next_cycle,8,1,2,8,1,1650,1658,0.995175,15,0.009047,0.124397
QAOA_H6_Q36_s2_raw,raw,QAOA,6,36,2,73,73,2,ff_rate_matched,next_cycle,8,1,2,16,1,1650,1658,0.995175,15,0.009047,0.124397
QAOA_H6_Q36_s2_raw,raw,QAOA,6,36,2,73,73,2,asap,next_cycle,16,1,2,4,1,1650,1660,0.993976,323,0.194578,0.062123
QAOA_H6_Q36_s2_raw,raw,QAOA,6,36,2,73,73,2,asap,next_cycle,16,1,2,8,1,1650,1660,0.993976,282,0.16988,0.062123
QAOA_H6_Q36_s2_raw,raw,QAOA,6,36,2,73,73,2,asap,next_cycle,16,1,2,16,1,1650,1660,0.993976,284,0.171084,0.062123
QAOA_H6_Q36_s2_raw,raw,QAOA,6,36,2,73,73,2,ff_rate_matched,next_cycle,16,1,2,4,1,1650,1658,0.995175,11,0.006634,0.062198
QAOA_H6_Q36_s2_raw,raw,QAOA,6,36,2,73,73,2,ff_rate_matched,next_cycle,16,1,2,8,1,1650,1658,0.995175,15,0.009047,0.062198
QAOA_H6_Q36_s2_raw,raw,QAOA,6,36,2,73,73,2,ff_rate_matched,next_cycle,16,1,2,16,1,1650,1658,0.995175,23,0.013872,0.062198
QAOA_H6_Q36_s3_raw,raw,QAOA,6,36,3,76,76,2,asap,next_cycle,4,1,2,4,1,1530,1538,0.994798,303,0.197009,0.2487
QAOA_H6_Q36_s3_raw,raw,QAOA,6,36,3,76,76,2,asap,next_cycle,4,1,2,8,1,1530,1538,0.994798,303,0.197009,0.2487
QAOA_H6_Q36_s3_raw,raw,QAOA,6,36,3,76,76,2,asap,next_cycle,4,1,2,16,1,1530,1538,0.994798,303,0.197009,0.2487
QAOA_H6_Q36_s3_raw,raw,QAOA,6,36,3,76,76,2,ff_rate_matched,next_cycle,4,1,2,4,1,1530,1540,0.993506,13,0.008442,0.248377
QAOA_H6_Q36_s3_raw,raw,QAOA,6,36,3,76,76,2,ff_rate_matched,next_cycle,4,1,2,8,1,1530,1540,0.993506,13,0.008442,0.248377
QAOA_H6_Q36_s3_raw,raw,QAOA,6,36,3,76,76,2,ff_rate_matched,next_cycle,4,1,2,16,1,1530,1540,0.993506,13,0.008442,0.248377
QAOA_H6_Q36_s3_raw,raw,QAOA,6,36,3,76,76,2,asap,next_cycle,8,1,2,4,1,1530,1538,0.994798,303,0.197009,0.12435
QAOA_H6_Q36_s3_raw,raw,QAOA,6,36,3,76,76,2,asap,next_cycle,8,1,2,8,1,1530,1538,0.994798,290,0.188557,0.12435
QAOA_H6_Q36_s3_raw,raw,QAOA,6,36,3,76,76,2,asap,next_cycle,8,1,2,16,1,1530,1538,0.994798,290,0.188557,0.12435
QAOA_H6_Q36_s3_raw,raw,QAOA,6,36,3,76,76,2,ff_rate_matched,next_cycle,8,1,2,4,1,1530,1540,0.993506,13,0.008442,0.124188
QAOA_H6_Q36_s3_raw,raw,QAOA,6,36,3,76,76,2,ff_rate_matched,next_cycle,8,1,2,8,1,1530,1540,0.993506,17,0.011039,0.124188
QAOA_H6_Q36_s3_raw,raw,QAOA,6,36,3,76,76,2,ff_rate_matched,next_cycle,8,1,2,16,1,1530,1540,0.993506,17,0.011039,0.124188
QAOA_H6_Q36_s3_raw,raw,QAOA,6,36,3,76,76,2,asap,next_cycle,16,1,2,4,1,1530,1538,0.994798,303,0.197009,0.062175
QAOA_H6_Q36_s3_raw,raw,QAOA,6,36,3,76,76,2,asap,next_cycle,16,1,2,8,1,1530,1538,0.994798,290,0.188557,0.062175
QAOA_H6_Q36_s3_raw,raw,QAOA,6,36,3,76,76,2,asap,next_cycle,16,1,2,16,1,1530,1538,0.994798,291,0.189207,0.062175
QAOA_H6_Q36_s3_raw,raw,QAOA,6,36,3,76,76,2,ff_rate_matched,next_cycle,16,1,2,4,1,1530,1540,0.993506,13,0.008442,0.062094
QAOA_H6_Q36_s3_raw,raw,QAOA,6,36,3,76,76,2,ff_rate_matched,next_cycle,16,1,2,8,1,1530,1540,0.993506,17,0.011039,0.062094
QAOA_H6_Q36_s3_raw,raw,QAOA,6,36,3,76,76,2,ff_rate_matched,next_cycle,16,1,2,16,1,1530,1540,0.993506,25,0.016234,0.062094
QAOA_H6_Q36_s4_raw,raw,QAOA,6,36,4,85,85,2,asap,next_cycle,4,1,2,4,1,1650,1660,0.993976,310,0.186747,0.248494
QAOA_H6_Q36_s4_raw,raw,QAOA,6,36,4,85,85,2,asap,next_cycle,4,1,2,8,1,1650,1660,0.993976,310,0.186747,0.248494
QAOA_H6_Q36_s4_raw,raw,QAOA,6,36,4,85,85,2,asap,next_cycle,4,1,2,16,1,1650,1660,0.993976,310,0.186747,0.248494
QAOA_H6_Q36_s4_raw,raw,QAOA,6,36,4,85,85,2,ff_rate_matched,next_cycle,4,1,2,4,1,1650,1658,0.995175,11,0.006634,0.248794
QAOA_H6_Q36_s4_raw,raw,QAOA,6,36,4,85,85,2,ff_rate_matched,next_cycle,4,1,2,8,1,1650,1658,0.995175,11,0.006634,0.248794
QAOA_H6_Q36_s4_raw,raw,QAOA,6,36,4,85,85,2,ff_rate_matched,next_cycle,4,1,2,16,1,1650,1658,0.995175,11,0.006634,0.248794
QAOA_H6_Q36_s4_raw,raw,QAOA,6,36,4,85,85,2,asap,next_cycle,8,1,2,4,1,1650,1660,0.993976,310,0.186747,0.124247
QAOA_H6_Q36_s4_raw,raw,QAOA,6,36,4,85,85,2,asap,next_cycle,8,1,2,8,1,1650,1660,0.993976,293,0.176506,0.124247
QAOA_H6_Q36_s4_raw,raw,QAOA,6,36,4,85,85,2,asap,next_cycle,8,1,2,16,1,1650,1660,0.993976,293,0.176506,0.124247
QAOA_H6_Q36_s4_raw,raw,QAOA,6,36,4,85,85,2,ff_rate_matched,next_cycle,8,1,2,4,1,1650,1658,0.995175,11,0.006634,0.124397
QAOA_H6_Q36_s4_raw,raw,QAOA,6,36,4,85,85,2,ff_rate_matched,next_cycle,8,1,2,8,1,1650,1658,0.995175,15,0.009047,0.124397
QAOA_H6_Q36_s4_raw,raw,QAOA,6,36,4,85,85,2,ff_rate_matched,next_cycle,8,1,2,16,1,1650,1658,0.995175,15,0.009047,0.124397
QAOA_H6_Q36_s4_raw,raw,QAOA,6,36,4,85,85,2,asap,next_cycle,16,1,2,4,1,1650,1660,0.993976,310,0.186747,0.062123
QAOA_H6_Q36_s4_raw,raw,QAOA,6,36,4,85,85,2,asap,next_cycle,16,1,2,8,1,1650,1660,0.993976,293,0.176506,0.062123
QAOA_H6_Q36_s4_raw,raw,QAOA,6,36,4,85,85,2,asap,next_cycle,16,1,2,16,1,1650,1660,0.993976,294,0.177108,0.062123
QAOA_H6_Q36_s4_raw,raw,QAOA,6,36,4,85,85,2,ff_rate_matched,next_cycle,16,1,2,4,1,1650,1658,0.995175,11,0.006634,0.062198
QAOA_H6_Q36_s4_raw,raw,QAOA,6,36,4,85,85,2,ff_rate_matched,next_cycle,16,1,2,8,1,1650,1658,0.995175,15,0.009047,0.062198
QAOA_H6_Q36_s4_raw,raw,QAOA,6,36,4,85,85,2,ff_rate_matched,next_cycle,16,1,2,16,1,1650,1658,0.995175,23,0.013872,0.062198
QAOA_H8_Q64_s0_raw,raw,QAOA,8,64,0,139,139,2,asap,next_cycle,4,1,2,4,1,4980,4985,0.998997,843,0.169107,0.249749
QAOA_H8_Q64_s0_raw,raw,QAOA,8,64,0,139,139,2,asap,next_cycle,4,1,2,8,1,4980,4985,0.998997,843,0.169107,0.249749
QAOA_H8_Q64_s0_raw,raw,QAOA,8,64,0,139,139,2,asap,next_cycle,4,1,2,16,1,4980,4985,0.998997,843,0.169107,0.249749
QAOA_H8_Q64_s0_raw,raw,QAOA,8,64,0,139,139,2,ff_rate_matched,next_cycle,4,1,2,4,1,4980,4986,0.998797,8,0.001604,0.249699
QAOA_H8_Q64_s0_raw,raw,QAOA,8,64,0,139,139,2,ff_rate_matched,next_cycle,4,1,2,8,1,4980,4986,0.998797,8,0.001604,0.249699
QAOA_H8_Q64_s0_raw,raw,QAOA,8,64,0,139,139,2,ff_rate_matched,next_cycle,4,1,2,16,1,4980,4986,0.998797,8,0.001604,0.249699
QAOA_H8_Q64_s0_raw,raw,QAOA,8,64,0,139,139,2,asap,next_cycle,8,1,2,4,1,4980,4985,0.998997,843,0.169107,0.124875
QAOA_H8_Q64_s0_raw,raw,QAOA,8,64,0,139,139,2,asap,next_cycle,8,1,2,8,1,4980,4985,0.998997,843,0.169107,0.124875
QAOA_H8_Q64_s0_raw,raw,QAOA,8,64,0,139,139,2,asap,next_cycle,8,1,2,16,1,4980,4985,0.998997,843,0.169107,0.124875
QAOA_H8_Q64_s0_raw,raw,QAOA,8,64,0,139,139,2,ff_rate_matched,next_cycle,8,1,2,4,1,4980,4986,0.998797,8,0.001604,0.12485
QAOA_H8_Q64_s0_raw,raw,QAOA,8,64,0,139,139,2,ff_rate_matched,next_cycle,8,1,2,8,1,4980,4986,0.998797,12,0.002407,0.12485
QAOA_H8_Q64_s0_raw,raw,QAOA,8,64,0,139,139,2,ff_rate_matched,next_cycle,8,1,2,16,1,4980,4986,0.998797,12,0.002407,0.12485
QAOA_H8_Q64_s0_raw,raw,QAOA,8,64,0,139,139,2,asap,next_cycle,16,1,2,4,1,4980,4985,0.998997,843,0.169107,0.062437
QAOA_H8_Q64_s0_raw,raw,QAOA,8,64,0,139,139,2,asap,next_cycle,16,1,2,8,1,4980,4985,0.998997,843,0.169107,0.062437
QAOA_H8_Q64_s0_raw,raw,QAOA,8,64,0,139,139,2,asap,next_cycle,16,1,2,16,1,4980,4985,0.998997,824,0.165296,0.062437
QAOA_H8_Q64_s0_raw,raw,QAOA,8,64,0,139,139,2,ff_rate_matched,next_cycle,16,1,2,4,1,4980,4986,0.998797,8,0.001604,0.062425
QAOA_H8_Q64_s0_raw,raw,QAOA,8,64,0,139,139,2,ff_rate_matched,next_cycle,16,1,2,8,1,4980,4986,0.998797,12,0.002407,0.062425
QAOA_H8_Q64_s0_raw,raw,QAOA,8,64,0,139,139,2,ff_rate_matched,next_cycle,16,1,2,16,1,4980,4986,0.998797,20,0.004011,0.062425
QAOA_H8_Q64_s1_raw,raw,QAOA,8,64,1,127,127,2,asap,next_cycle,4,1,2,4,1,4962,4969,0.998591,849,0.170859,0.249648
QAOA_H8_Q64_s1_raw,raw,QAOA,8,64,1,127,127,2,asap,next_cycle,4,1,2,8,1,4962,4969,0.998591,849,0.170859,0.249648
QAOA_H8_Q64_s1_raw,raw,QAOA,8,64,1,127,127,2,asap,next_cycle,4,1,2,16,1,4962,4969,0.998591,849,0.170859,0.249648
QAOA_H8_Q64_s1_raw,raw,QAOA,8,64,1,127,127,2,ff_rate_matched,next_cycle,4,1,2,4,1,4962,4968,0.998792,9,0.001812,0.249698
QAOA_H8_Q64_s1_raw,raw,QAOA,8,64,1,127,127,2,ff_rate_matched,next_cycle,4,1,2,8,1,4962,4968,0.998792,9,0.001812,0.249698
QAOA_H8_Q64_s1_raw,raw,QAOA,8,64,1,127,127,2,ff_rate_matched,next_cycle,4,1,2,16,1,4962,4968,0.998792,9,0.001812,0.249698
QAOA_H8_Q64_s1_raw,raw,QAOA,8,64,1,127,127,2,asap,next_cycle,8,1,2,4,1,4962,4969,0.998591,849,0.170859,0.124824
QAOA_H8_Q64_s1_raw,raw,QAOA,8,64,1,127,127,2,asap,next_cycle,8,1,2,8,1,4962,4969,0.998591,821,0.165224,0.124824
QAOA_H8_Q64_s1_raw,raw,QAOA,8,64,1,127,127,2,asap,next_cycle,8,1,2,16,1,4962,4969,0.998591,821,0.165224,0.124824
QAOA_H8_Q64_s1_raw,raw,QAOA,8,64,1,127,127,2,ff_rate_matched,next_cycle,8,1,2,4,1,4962,4968,0.998792,9,0.001812,0.124849
QAOA_H8_Q64_s1_raw,raw,QAOA,8,64,1,127,127,2,ff_rate_matched,next_cycle,8,1,2,8,1,4962,4969,0.998591,15,0.003019,0.124824
QAOA_H8_Q64_s1_raw,raw,QAOA,8,64,1,127,127,2,ff_rate_matched,next_cycle,8,1,2,16,1,4962,4969,0.998591,15,0.003019,0.124824
QAOA_H8_Q64_s1_raw,raw,QAOA,8,64,1,127,127,2,asap,next_cycle,16,1,2,4,1,4962,4969,0.998591,849,0.170859,0.062412
QAOA_H8_Q64_s1_raw,raw,QAOA,8,64,1,127,127,2,asap,next_cycle,16,1,2,8,1,4962,4969,0.998591,821,0.165224,0.062412
QAOA_H8_Q64_s1_raw,raw,QAOA,8,64,1,127,127,2,asap,next_cycle,16,1,2,16,1,4962,4969,0.998591,773,0.155564,0.062412
QAOA_H8_Q64_s1_raw,raw,QAOA,8,64,1,127,127,2,ff_rate_matched,next_cycle,16,1,2,4,1,4962,4968,0.998792,9,0.001812,0.062425
QAOA_H8_Q64_s1_raw,raw,QAOA,8,64,1,127,127,2,ff_rate_matched,next_cycle,16,1,2,8,1,4962,4969,0.998591,15,0.003019,0.062412
QAOA_H8_Q64_s1_raw,raw,QAOA,8,64,1,127,127,2,ff_rate_matched,next_cycle,16,1,2,16,1,4962,4969,0.998591,23,0.004629,0.062412
QAOA_H8_Q64_s2_raw,raw,QAOA,8,64,2,142,142,2,asap,next_cycle,4,1,2,4,1,4854,4859,0.998971,818,0.168347,0.249743
QAOA_H8_Q64_s2_raw,raw,QAOA,8,64,2,142,142,2,asap,next_cycle,4,1,2,8,1,4854,4859,0.998971,818,0.168347,0.249743
QAOA_H8_Q64_s2_raw,raw,QAOA,8,64,2,142,142,2,asap,next_cycle,4,1,2,16,1,4854,4859,0.998971,818,0.168347,0.249743
QAOA_H8_Q64_s2_raw,raw,QAOA,8,64,2,142,142,2,ff_rate_matched,next_cycle,4,1,2,4,1,4854,4859,0.998971,8,0.001646,0.249743
QAOA_H8_Q64_s2_raw,raw,QAOA,8,64,2,142,142,2,ff_rate_matched,next_cycle,4,1,2,8,1,4854,4859,0.998971,8,0.001646,0.249743
QAOA_H8_Q64_s2_raw,raw,QAOA,8,64,2,142,142,2,ff_rate_matched,next_cycle,4,1,2,16,1,4854,4859,0.998971,8,0.001646,0.249743
QAOA_H8_Q64_s2_raw,raw,QAOA,8,64,2,142,142,2,asap,next_cycle,8,1,2,4,1,4854,4859,0.998971,818,0.168347,0.124871
QAOA_H8_Q64_s2_raw,raw,QAOA,8,64,2,142,142,2,asap,next_cycle,8,1,2,8,1,4854,4859,0.998971,821,0.168965,0.124871
QAOA_H8_Q64_s2_raw,raw,QAOA,8,64,2,142,142,2,asap,next_cycle,8,1,2,16,1,4854,4859,0.998971,821,0.168965,0.124871
QAOA_H8_Q64_s2_raw,raw,QAOA,8,64,2,142,142,2,ff_rate_matched,next_cycle,8,1,2,4,1,4854,4859,0.998971,8,0.001646,0.124871
QAOA_H8_Q64_s2_raw,raw,QAOA,8,64,2,142,142,2,ff_rate_matched,next_cycle,8,1,2,8,1,4854,4859,0.998971,12,0.00247,0.124871
QAOA_H8_Q64_s2_raw,raw,QAOA,8,64,2,142,142,2,ff_rate_matched,next_cycle,8,1,2,16,1,4854,4859,0.998971,12,0.00247,0.124871
QAOA_H8_Q64_s2_raw,raw,QAOA,8,64,2,142,142,2,asap,next_cycle,16,1,2,4,1,4854,4859,0.998971,818,0.168347,0.062436
QAOA_H8_Q64_s2_raw,raw,QAOA,8,64,2,142,142,2,asap,next_cycle,16,1,2,8,1,4854,4859,0.998971,821,0.168965,0.062436
QAOA_H8_Q64_s2_raw,raw,QAOA,8,64,2,142,142,2,asap,next_cycle,16,1,2,16,1,4854,4859,0.998971,759,0.156205,0.062436
QAOA_H8_Q64_s2_raw,raw,QAOA,8,64,2,142,142,2,ff_rate_matched,next_cycle,16,1,2,4,1,4854,4859,0.998971,8,0.001646,0.062436
QAOA_H8_Q64_s2_raw,raw,QAOA,8,64,2,142,142,2,ff_rate_matched,next_cycle,16,1,2,8,1,4854,4859,0.998971,12,0.00247,0.062436
QAOA_H8_Q64_s2_raw,raw,QAOA,8,64,2,142,142,2,ff_rate_matched,next_cycle,16,1,2,16,1,4854,4859,0.998971,20,0.004116,0.062436
QAOA_H8_Q64_s3_raw,raw,QAOA,8,64,3,148,148,2,asap,next_cycle,4,1,2,4,1,4890,4900,0.997959,860,0.17551,0.24949
QAOA_H8_Q64_s3_raw,raw,QAOA,8,64,3,148,148,2,asap,next_cycle,4,1,2,8,1,4890,4900,0.997959,860,0.17551,0.24949
QAOA_H8_Q64_s3_raw,raw,QAOA,8,64,3,148,148,2,asap,next_cycle,4,1,2,16,1,4890,4900,0.997959,860,0.17551,0.24949
QAOA_H8_Q64_s3_raw,raw,QAOA,8,64,3,148,148,2,ff_rate_matched,next_cycle,4,1,2,4,1,4890,4898,0.998367,11,0.002246,0.249592
QAOA_H8_Q64_s3_raw,raw,QAOA,8,64,3,148,148,2,ff_rate_matched,next_cycle,4,1,2,8,1,4890,4898,0.998367,11,0.002246,0.249592
QAOA_H8_Q64_s3_raw,raw,QAOA,8,64,3,148,148,2,ff_rate_matched,next_cycle,4,1,2,16,1,4890,4898,0.998367,11,0.002246,0.249592
QAOA_H8_Q64_s3_raw,raw,QAOA,8,64,3,148,148,2,asap,next_cycle,8,1,2,4,1,4890,4900,0.997959,860,0.17551,0.124745
QAOA_H8_Q64_s3_raw,raw,QAOA,8,64,3,148,148,2,asap,next_cycle,8,1,2,8,1,4890,4900,0.997959,862,0.175918,0.124745
QAOA_H8_Q64_s3_raw,raw,QAOA,8,64,3,148,148,2,asap,next_cycle,8,1,2,16,1,4890,4900,0.997959,862,0.175918,0.124745
QAOA_H8_Q64_s3_raw,raw,QAOA,8,64,3,148,148,2,ff_rate_matched,next_cycle,8,1,2,4,1,4890,4898,0.998367,11,0.002246,0.124796
QAOA_H8_Q64_s3_raw,raw,QAOA,8,64,3,148,148,2,ff_rate_matched,next_cycle,8,1,2,8,1,4890,4898,0.998367,15,0.003062,0.124796
QAOA_H8_Q64_s3_raw,raw,QAOA,8,64,3,148,148,2,ff_rate_matched,next_cycle,8,1,2,16,1,4890,4898,0.998367,15,0.003062,0.124796
QAOA_H8_Q64_s3_raw,raw,QAOA,8,64,3,148,148,2,asap,next_cycle,16,1,2,4,1,4890,4900,0.997959,860,0.17551,0.062372
QAOA_H8_Q64_s3_raw,raw,QAOA,8,64,3,148,148,2,asap,next_cycle,16,1,2,8,1,4890,4900,0.997959,862,0.175918,0.062372
QAOA_H8_Q64_s3_raw,raw,QAOA,8,64,3,148,148,2,asap,next_cycle,16,1,2,16,1,4890,4900,0.997959,823,0.167959,0.062372
QAOA_H8_Q64_s3_raw,raw,QAOA,8,64,3,148,148,2,ff_rate_matched,next_cycle,16,1,2,4,1,4890,4898,0.998367,11,0.002246,0.062398
QAOA_H8_Q64_s3_raw,raw,QAOA,8,64,3,148,148,2,ff_rate_matched,next_cycle,16,1,2,8,1,4890,4898,0.998367,15,0.003062,0.062398
QAOA_H8_Q64_s3_raw,raw,QAOA,8,64,3,148,148,2,ff_rate_matched,next_cycle,16,1,2,16,1,4890,4898,0.998367,23,0.004696,0.062398
QAOA_H8_Q64_s4_raw,raw,QAOA,8,64,4,163,163,2,asap,next_cycle,4,1,2,4,1,4974,4978,0.999196,869,0.174568,0.249799
QAOA_H8_Q64_s4_raw,raw,QAOA,8,64,4,163,163,2,asap,next_cycle,4,1,2,8,1,4974,4978,0.999196,869,0.174568,0.249799
QAOA_H8_Q64_s4_raw,raw,QAOA,8,64,4,163,163,2,asap,next_cycle,4,1,2,16,1,4974,4978,0.999196,869,0.174568,0.249799
QAOA_H8_Q64_s4_raw,raw,QAOA,8,64,4,163,163,2,ff_rate_matched,next_cycle,4,1,2,4,1,4974,4979,0.998996,8,0.001607,0.249749
QAOA_H8_Q64_s4_raw,raw,QAOA,8,64,4,163,163,2,ff_rate_matched,next_cycle,4,1,2,8,1,4974,4979,0.998996,8,0.001607,0.249749
QAOA_H8_Q64_s4_raw,raw,QAOA,8,64,4,163,163,2,ff_rate_matched,next_cycle,4,1,2,16,1,4974,4979,0.998996,8,0.001607,0.249749
QAOA_H8_Q64_s4_raw,raw,QAOA,8,64,4,163,163,2,asap,next_cycle,8,1,2,4,1,4974,4978,0.999196,869,0.174568,0.1249
QAOA_H8_Q64_s4_raw,raw,QAOA,8,64,4,163,163,2,asap,next_cycle,8,1,2,8,1,4974,4978,0.999196,872,0.175171,0.1249
QAOA_H8_Q64_s4_raw,raw,QAOA,8,64,4,163,163,2,asap,next_cycle,8,1,2,16,1,4974,4978,0.999196,872,0.175171,0.1249
QAOA_H8_Q64_s4_raw,raw,QAOA,8,64,4,163,163,2,ff_rate_matched,next_cycle,8,1,2,4,1,4974,4979,0.998996,8,0.001607,0.124874
QAOA_H8_Q64_s4_raw,raw,QAOA,8,64,4,163,163,2,ff_rate_matched,next_cycle,8,1,2,8,1,4974,4979,0.998996,12,0.00241,0.124874
QAOA_H8_Q64_s4_raw,raw,QAOA,8,64,4,163,163,2,ff_rate_matched,next_cycle,8,1,2,16,1,4974,4979,0.998996,12,0.00241,0.124874
QAOA_H8_Q64_s4_raw,raw,QAOA,8,64,4,163,163,2,asap,next_cycle,16,1,2,4,1,4974,4978,0.999196,869,0.174568,0.06245
QAOA_H8_Q64_s4_raw,raw,QAOA,8,64,4,163,163,2,asap,next_cycle,16,1,2,8,1,4974,4978,0.999196,872,0.175171,0.06245
QAOA_H8_Q64_s4_raw,raw,QAOA,8,64,4,163,163,2,asap,next_cycle,16,1,2,16,1,4974,4978,0.999196,802,0.161109,0.06245
QAOA_H8_Q64_s4_raw,raw,QAOA,8,64,4,163,163,2,ff_rate_matched,next_cycle,16,1,2,4,1,4974,4979,0.998996,8,0.001607,0.062437
QAOA_H8_Q64_s4_raw,raw,QAOA,8,64,4,163,163,2,ff_rate_matched,next_cycle,16,1,2,8,1,4974,4979,0.998996,12,0.00241,0.062437
QAOA_H8_Q64_s4_raw,raw,QAOA,8,64,4,163,163,2,ff_rate_matched,next_cycle,16,1,2,16,1,4974,4979,0.998996,20,0.004017,0.062437
VQE_H4_Q16_s0_raw,raw,VQE,4,16,0,15,15,1,asap,next_cycle,4,1,2,4,1,256,263,0.973384,45,0.171103,0.243346
VQE_H4_Q16_s0_raw,raw,VQE,4,16,0,15,15,1,asap,next_cycle,4,1,2,8,1,256,263,0.973384,45,0.171103,0.243346
VQE_H4_Q16_s0_raw,raw,VQE,4,16,0,15,15,1,asap,next_cycle,4,1,2,16,1,256,263,0.973384,45,0.171103,0.243346
VQE_H4_Q16_s0_raw,raw,VQE,4,16,0,15,15,1,ff_rate_matched,next_cycle,4,1,2,4,1,256,262,0.977099,9,0.034351,0.244275
VQE_H4_Q16_s0_raw,raw,VQE,4,16,0,15,15,1,ff_rate_matched,next_cycle,4,1,2,8,1,256,262,0.977099,9,0.034351,0.244275
VQE_H4_Q16_s0_raw,raw,VQE,4,16,0,15,15,1,ff_rate_matched,next_cycle,4,1,2,16,1,256,262,0.977099,9,0.034351,0.244275
VQE_H4_Q16_s0_raw,raw,VQE,4,16,0,15,15,1,asap,next_cycle,8,1,2,4,1,256,263,0.973384,45,0.171103,0.121673
VQE_H4_Q16_s0_raw,raw,VQE,4,16,0,15,15,1,asap,next_cycle,8,1,2,8,1,256,263,0.973384,47,0.178707,0.121673
VQE_H4_Q16_s0_raw,raw,VQE,4,16,0,15,15,1,asap,next_cycle,8,1,2,16,1,256,263,0.973384,47,0.178707,0.121673
VQE_H4_Q16_s0_raw,raw,VQE,4,16,0,15,15,1,ff_rate_matched,next_cycle,8,1,2,4,1,256,262,0.977099,9,0.034351,0.122137
VQE_H4_Q16_s0_raw,raw,VQE,4,16,0,15,15,1,ff_rate_matched,next_cycle,8,1,2,8,1,256,262,0.977099,13,0.049618,0.122137
VQE_H4_Q16_s0_raw,raw,VQE,4,16,0,15,15,1,ff_rate_matched,next_cycle,8,1,2,16,1,256,262,0.977099,13,0.049618,0.122137
VQE_H4_Q16_s0_raw,raw,VQE,4,16,0,15,15,1,asap,next_cycle,16,1,2,4,1,256,263,0.973384,45,0.171103,0.060837
VQE_H4_Q16_s0_raw,raw,VQE,4,16,0,15,15,1,asap,next_cycle,16,1,2,8,1,256,263,0.973384,47,0.178707,0.060837
VQE_H4_Q16_s0_raw,raw,VQE,4,16,0,15,15,1,asap,next_cycle,16,1,2,16,1,256,263,0.973384,49,0.186312,0.060837
VQE_H4_Q16_s0_raw,raw,VQE,4,16,0,15,15,1,ff_rate_matched,next_cycle,16,1,2,4,1,256,262,0.977099,9,0.034351,0.061069
VQE_H4_Q16_s0_raw,raw,VQE,4,16,0,15,15,1,ff_rate_matched,next_cycle,16,1,2,8,1,256,262,0.977099,13,0.049618,0.061069
VQE_H4_Q16_s0_raw,raw,VQE,4,16,0,15,15,1,ff_rate_matched,next_cycle,16,1,2,16,1,256,262,0.977099,21,0.080153,0.061069
VQE_H4_Q16_s1_raw,raw,VQE,4,16,1,15,15,1,asap,next_cycle,4,1,2,4,1,256,263,0.973384,45,0.171103,0.243346
VQE_H4_Q16_s1_raw,raw,VQE,4,16,1,15,15,1,asap,next_cycle,4,1,2,8,1,256,263,0.973384,45,0.171103,0.243346
VQE_H4_Q16_s1_raw,raw,VQE,4,16,1,15,15,1,asap,next_cycle,4,1,2,16,1,256,263,0.973384,45,0.171103,0.243346
VQE_H4_Q16_s1_raw,raw,VQE,4,16,1,15,15,1,ff_rate_matched,next_cycle,4,1,2,4,1,256,262,0.977099,9,0.034351,0.244275
VQE_H4_Q16_s1_raw,raw,VQE,4,16,1,15,15,1,ff_rate_matched,next_cycle,4,1,2,8,1,256,262,0.977099,9,0.034351,0.244275
VQE_H4_Q16_s1_raw,raw,VQE,4,16,1,15,15,1,ff_rate_matched,next_cycle,4,1,2,16,1,256,262,0.977099,9,0.034351,0.244275
VQE_H4_Q16_s1_raw,raw,VQE,4,16,1,15,15,1,asap,next_cycle,8,1,2,4,1,256,263,0.973384,45,0.171103,0.121673
VQE_H4_Q16_s1_raw,raw,VQE,4,16,1,15,15,1,asap,next_cycle,8,1,2,8,1,256,263,0.973384,47,0.178707,0.121673
VQE_H4_Q16_s1_raw,raw,VQE,4,16,1,15,15,1,asap,next_cycle,8,1,2,16,1,256,263,0.973384,47,0.178707,0.121673
VQE_H4_Q16_s1_raw,raw,VQE,4,16,1,15,15,1,ff_rate_matched,next_cycle,8,1,2,4,1,256,262,0.977099,9,0.034351,0.122137
VQE_H4_Q16_s1_raw,raw,VQE,4,16,1,15,15,1,ff_rate_matched,next_cycle,8,1,2,8,1,256,262,0.977099,13,0.049618,0.122137
VQE_H4_Q16_s1_raw,raw,VQE,4,16,1,15,15,1,ff_rate_matched,next_cycle,8,1,2,16,1,256,262,0.977099,13,0.049618,0.122137
VQE_H4_Q16_s1_raw,raw,VQE,4,16,1,15,15,1,asap,next_cycle,16,1,2,4,1,256,263,0.973384,45,0.171103,0.060837
VQE_H4_Q16_s1_raw,raw,VQE,4,16,1,15,15,1,asap,next_cycle,16,1,2,8,1,256,263,0.973384,47,0.178707,0.060837
VQE_H4_Q16_s1_raw,raw,VQE,4,16,1,15,15,1,asap,next_cycle,16,1,2,16,1,256,263,0.973384,49,0.186312,0.060837
VQE_H4_Q16_s1_raw,raw,VQE,4,16,1,15,15,1,ff_rate_matched,next_cycle,16,1,2,4,1,256,262,0.977099,9,0.034351,0.061069
VQE_H4_Q16_s1_raw,raw,VQE,4,16,1,15,15,1,ff_rate_matched,next_cycle,16,1,2,8,1,256,262,0.977099,13,0.049618,0.061069
VQE_H4_Q16_s1_raw,raw,VQE,4,16,1,15,15,1,ff_rate_matched,next_cycle,16,1,2,16,1,256,262,0.977099,21,0.080153,0.061069
VQE_H4_Q16_s2_raw,raw,VQE,4,16,2,15,15,1,asap,next_cycle,4,1,2,4,1,256,263,0.973384,45,0.171103,0.243346
VQE_H4_Q16_s2_raw,raw,VQE,4,16,2,15,15,1,asap,next_cycle,4,1,2,8,1,256,263,0.973384,45,0.171103,0.243346
VQE_H4_Q16_s2_raw,raw,VQE,4,16,2,15,15,1,asap,next_cycle,4,1,2,16,1,256,263,0.973384,45,0.171103,0.243346
VQE_H4_Q16_s2_raw,raw,VQE,4,16,2,15,15,1,ff_rate_matched,next_cycle,4,1,2,4,1,256,262,0.977099,9,0.034351,0.244275
VQE_H4_Q16_s2_raw,raw,VQE,4,16,2,15,15,1,ff_rate_matched,next_cycle,4,1,2,8,1,256,262,0.977099,9,0.034351,0.244275
VQE_H4_Q16_s2_raw,raw,VQE,4,16,2,15,15,1,ff_rate_matched,next_cycle,4,1,2,16,1,256,262,0.977099,9,0.034351,0.244275
VQE_H4_Q16_s2_raw,raw,VQE,4,16,2,15,15,1,asap,next_cycle,8,1,2,4,1,256,263,0.973384,45,0.171103,0.121673
VQE_H4_Q16_s2_raw,raw,VQE,4,16,2,15,15,1,asap,next_cycle,8,1,2,8,1,256,263,0.973384,47,0.178707,0.121673
VQE_H4_Q16_s2_raw,raw,VQE,4,16,2,15,15,1,asap,next_cycle,8,1,2,16,1,256,263,0.973384,47,0.178707,0.121673
VQE_H4_Q16_s2_raw,raw,VQE,4,16,2,15,15,1,ff_rate_matched,next_cycle,8,1,2,4,1,256,262,0.977099,9,0.034351,0.122137
VQE_H4_Q16_s2_raw,raw,VQE,4,16,2,15,15,1,ff_rate_matched,next_cycle,8,1,2,8,1,256,262,0.977099,13,0.049618,0.122137
VQE_H4_Q16_s2_raw,raw,VQE,4,16,2,15,15,1,ff_rate_matched,next_cycle,8,1,2,16,1,256,262,0.977099,13,0.049618,0.122137
VQE_H4_Q16_s2_raw,raw,VQE,4,16,2,15,15,1,asap,next_cycle,16,1,2,4,1,256,263,0.973384,45,0.171103,0.060837
VQE_H4_Q16_s2_raw,raw,VQE,4,16,2,15,15,1,asap,next_cycle,16,1,2,8,1,256,263,0.973384,47,0.178707,0.060837
VQE_H4_Q16_s2_raw,raw,VQE,4,16,2,15,15,1,asap,next_cycle,16,1,2,16,1,256,263,0.973384,49,0.186312,0.060837
VQE_H4_Q16_s2_raw,raw,VQE,4,16,2,15,15,1,ff_rate_matched,next_cycle,16,1,2,4,1,256,262,0.977099,9,0.034351,0.061069
VQE_H4_Q16_s2_raw,raw,VQE,4,16,2,15,15,1,ff_rate_matched,next_cycle,16,1,2,8,1,256,262,0.977099,13,0.049618,0.061069
VQE_H4_Q16_s2_raw,raw,VQE,4,16,2,15,15,1,ff_rate_matched,next_cycle,16,1,2,16,1,256,262,0.977099,21,0.080153,0.061069
VQE_H4_Q16_s3_raw,raw,VQE,4,16,3,15,15,1,asap,next_cycle,4,1,2,4,1,256,263,0.973384,45,0.171103,0.243346
VQE_H4_Q16_s3_raw,raw,VQE,4,16,3,15,15,1,asap,next_cycle,4,1,2,8,1,256,263,0.973384,45,0.171103,0.243346
VQE_H4_Q16_s3_raw,raw,VQE,4,16,3,15,15,1,asap,next_cycle,4,1,2,16,1,256,263,0.973384,45,0.171103,0.243346
VQE_H4_Q16_s3_raw,raw,VQE,4,16,3,15,15,1,ff_rate_matched,next_cycle,4,1,2,4,1,256,262,0.977099,9,0.034351,0.244275
VQE_H4_Q16_s3_raw,raw,VQE,4,16,3,15,15,1,ff_rate_matched,next_cycle,4,1,2,8,1,256,262,0.977099,9,0.034351,0.244275
VQE_H4_Q16_s3_raw,raw,VQE,4,16,3,15,15,1,ff_rate_matched,next_cycle,4,1,2,16,1,256,262,0.977099,9,0.034351,0.244275
VQE_H4_Q16_s3_raw,raw,VQE,4,16,3,15,15,1,asap,next_cycle,8,1,2,4,1,256,263,0.973384,45,0.171103,0.121673
VQE_H4_Q16_s3_raw,raw,VQE,4,16,3,15,15,1,asap,next_cycle,8,1,2,8,1,256,263,0.973384,47,0.178707,0.121673
VQE_H4_Q16_s3_raw,raw,VQE,4,16,3,15,15,1,asap,next_cycle,8,1,2,16,1,256,263,0.973384,47,0.178707,0.121673
VQE_H4_Q16_s3_raw,raw,VQE,4,16,3,15,15,1,ff_rate_matched,next_cycle,8,1,2,4,1,256,262,0.977099,9,0.034351,0.122137
VQE_H4_Q16_s3_raw,raw,VQE,4,16,3,15,15,1,ff_rate_matched,next_cycle,8,1,2,8,1,256,262,0.977099,13,0.049618,0.122137
VQE_H4_Q16_s3_raw,raw,VQE,4,16,3,15,15,1,ff_rate_matched,next_cycle,8,1,2,16,1,256,262,0.977099,13,0.049618,0.122137
VQE_H4_Q16_s3_raw,raw,VQE,4,16,3,15,15,1,asap,next_cycle,16,1,2,4,1,256,263,0.973384,45,0.171103,0.060837
VQE_H4_Q16_s3_raw,raw,VQE,4,16,3,15,15,1,asap,next_cycle,16,1,2,8,1,256,263,0.973384,47,0.178707,0.060837
VQE_H4_Q16_s3_raw,raw,VQE,4,16,3,15,15,1,asap,next_cycle,16,1,2,16,1,256,263,0.973384,49,0.186312,0.060837
VQE_H4_Q16_s3_raw,raw,VQE,4,16,3,15,15,1,ff_rate_matched,next_cycle,16,1,2,4,1,256,262,0.977099,9,0.034351,0.061069
VQE_H4_Q16_s3_raw,raw,VQE,4,16,3,15,15,1,ff_rate_matched,next_cycle,16,1,2,8,1,256,262,0.977099,13,0.049618,0.061069
VQE_H4_Q16_s3_raw,raw,VQE,4,16,3,15,15,1,ff_rate_matched,next_cycle,16,1,2,16,1,256,262,0.977099,21,0.080153,0.061069
VQE_H4_Q16_s4_raw,raw,VQE,4,16,4,15,15,1,asap,next_cycle,4,1,2,4,1,256,263,0.973384,45,0.171103,0.243346
VQE_H4_Q16_s4_raw,raw,VQE,4,16,4,15,15,1,asap,next_cycle,4,1,2,8,1,256,263,0.973384,45,0.171103,0.243346
VQE_H4_Q16_s4_raw,raw,VQE,4,16,4,15,15,1,asap,next_cycle,4,1,2,16,1,256,263,0.973384,45,0.171103,0.243346
VQE_H4_Q16_s4_raw,raw,VQE,4,16,4,15,15,1,ff_rate_matched,next_cycle,4,1,2,4,1,256,262,0.977099,9,0.034351,0.244275
VQE_H4_Q16_s4_raw,raw,VQE,4,16,4,15,15,1,ff_rate_matched,next_cycle,4,1,2,8,1,256,262,0.977099,9,0.034351,0.244275
VQE_H4_Q16_s4_raw,raw,VQE,4,16,4,15,15,1,ff_rate_matched,next_cycle,4,1,2,16,1,256,262,0.977099,9,0.034351,0.244275
VQE_H4_Q16_s4_raw,raw,VQE,4,16,4,15,15,1,asap,next_cycle,8,1,2,4,1,256,263,0.973384,45,0.171103,0.121673
VQE_H4_Q16_s4_raw,raw,VQE,4,16,4,15,15,1,asap,next_cycle,8,1,2,8,1,256,263,0.973384,47,0.178707,0.121673
VQE_H4_Q16_s4_raw,raw,VQE,4,16,4,15,15,1,asap,next_cycle,8,1,2,16,1,256,263,0.973384,47,0.178707,0.121673
VQE_H4_Q16_s4_raw,raw,VQE,4,16,4,15,15,1,ff_rate_matched,next_cycle,8,1,2,4,1,256,262,0.977099,9,0.034351,0.122137
VQE_H4_Q16_s4_raw,raw,VQE,4,16,4,15,15,1,ff_rate_matched,next_cycle,8,1,2,8,1,256,262,0.977099,13,0.049618,0.122137
VQE_H4_Q16_s4_raw,raw,VQE,4,16,4,15,15,1,ff_rate_matched,next_cycle,8,1,2,16,1,256,262,0.977099,13,0.049618,0.122137
VQE_H4_Q16_s4_raw,raw,VQE,4,16,4,15,15,1,asap,next_cycle,16,1,2,4,1,256,263,0.973384,45,0.171103,0.060837
VQE_H4_Q16_s4_raw,raw,VQE,4,16,4,15,15,1,asap,next_cycle,16,1,2,8,1,256,263,0.973384,47,0.178707,0.060837
VQE_H4_Q16_s4_raw,raw,VQE,4,16,4,15,15,1,asap,next_cycle,16,1,2,16,1,256,263,0.973384,49,0.186312,0.060837
VQE_H4_Q16_s4_raw,raw,VQE,4,16,4,15,15,1,ff_rate_matched,next_cycle,16,1,2,4,1,256,262,0.977099,9,0.034351,0.061069
VQE_H4_Q16_s4_raw,raw,VQE,4,16,4,15,15,1,ff_rate_matched,next_cycle,16,1,2,8,1,256,262,0.977099,13,0.049618,0.061069
VQE_H4_Q16_s4_raw,raw,VQE,4,16,4,15,15,1,ff_rate_matched,next_cycle,16,1,2,16,1,256,262,0.977099,21,0.080153,0.061069
VQE_H6_Q36_s0_raw,raw,VQE,6,36,0,35,35,1,asap,next_cycle,4,1,2,4,1,1296,1303,0.994628,105,0.080583,0.248657
VQE_H6_Q36_s0_raw,raw,VQE,6,36,0,35,35,1,asap,next_cycle,4,1,2,8,1,1296,1303,0.994628,105,0.080583,0.248657
VQE_H6_Q36_s0_raw,raw,VQE,6,36,0,35,35,1,asap,next_cycle,4,1,2,16,1,1296,1303,0.994628,105,0.080583,0.248657
VQE_H6_Q36_s0_raw,raw,VQE,6,36,0,35,35,1,ff_rate_matched,next_cycle,4,1,2,4,1,1296,1302,0.995392,9,0.006912,0.248848
VQE_H6_Q36_s0_raw,raw,VQE,6,36,0,35,35,1,ff_rate_matched,next_cycle,4,1,2,8,1,1296,1302,0.995392,9,0.006912,0.248848
VQE_H6_Q36_s0_raw,raw,VQE,6,36,0,35,35,1,ff_rate_matched,next_cycle,4,1,2,16,1,1296,1302,0.995392,9,0.006912,0.248848
VQE_H6_Q36_s0_raw,raw,VQE,6,36,0,35,35,1,asap,next_cycle,8,1,2,4,1,1296,1303,0.994628,105,0.080583,0.124328
VQE_H6_Q36_s0_raw,raw,VQE,6,36,0,35,35,1,asap,next_cycle,8,1,2,8,1,1296,1303,0.994628,105,0.080583,0.124328
VQE_H6_Q36_s0_raw,raw,VQE,6,36,0,35,35,1,asap,next_cycle,8,1,2,16,1,1296,1303,0.994628,105,0.080583,0.124328
VQE_H6_Q36_s0_raw,raw,VQE,6,36,0,35,35,1,ff_rate_matched,next_cycle,8,1,2,4,1,1296,1302,0.995392,9,0.006912,0.124424
VQE_H6_Q36_s0_raw,raw,VQE,6,36,0,35,35,1,ff_rate_matched,next_cycle,8,1,2,8,1,1296,1302,0.995392,13,0.009985,0.124424
VQE_H6_Q36_s0_raw,raw,VQE,6,36,0,35,35,1,ff_rate_matched,next_cycle,8,1,2,16,1,1296,1302,0.995392,13,0.009985,0.124424
VQE_H6_Q36_s0_raw,raw,VQE,6,36,0,35,35,1,asap,next_cycle,16,1,2,4,1,1296,1303,0.994628,105,0.080583,0.062164
VQE_H6_Q36_s0_raw,raw,VQE,6,36,0,35,35,1,asap,next_cycle,16,1,2,8,1,1296,1303,0.994628,105,0.080583,0.062164
VQE_H6_Q36_s0_raw,raw,VQE,6,36,0,35,35,1,asap,next_cycle,16,1,2,16,1,1296,1303,0.994628,106,0.081351,0.062164
VQE_H6_Q36_s0_raw,raw,VQE,6,36,0,35,35,1,ff_rate_matched,next_cycle,16,1,2,4,1,1296,1302,0.995392,9,0.006912,0.062212
VQE_H6_Q36_s0_raw,raw,VQE,6,36,0,35,35,1,ff_rate_matched,next_cycle,16,1,2,8,1,1296,1302,0.995392,13,0.009985,0.062212
VQE_H6_Q36_s0_raw,raw,VQE,6,36,0,35,35,1,ff_rate_matched,next_cycle,16,1,2,16,1,1296,1302,0.995392,21,0.016129,0.062212
VQE_H6_Q36_s1_raw,raw,VQE,6,36,1,35,35,1,asap,next_cycle,4,1,2,4,1,1296,1303,0.994628,105,0.080583,0.248657
VQE_H6_Q36_s1_raw,raw,VQE,6,36,1,35,35,1,asap,next_cycle,4,1,2,8,1,1296,1303,0.994628,105,0.080583,0.248657
VQE_H6_Q36_s1_raw,raw,VQE,6,36,1,35,35,1,asap,next_cycle,4,1,2,16,1,1296,1303,0.994628,105,0.080583,0.248657
VQE_H6_Q36_s1_raw,raw,VQE,6,36,1,35,35,1,ff_rate_matched,next_cycle,4,1,2,4,1,1296,1302,0.995392,9,0.006912,0.248848
VQE_H6_Q36_s1_raw,raw,VQE,6,36,1,35,35,1,ff_rate_matched,next_cycle,4,1,2,8,1,1296,1302,0.995392,9,0.006912,0.248848
VQE_H6_Q36_s1_raw,raw,VQE,6,36,1,35,35,1,ff_rate_matched,next_cycle,4,1,2,16,1,1296,1302,0.995392,9,0.006912,0.248848
VQE_H6_Q36_s1_raw,raw,VQE,6,36,1,35,35,1,asap,next_cycle,8,1,2,4,1,1296,1303,0.994628,105,0.080583,0.124328
VQE_H6_Q36_s1_raw,raw,VQE,6,36,1,35,35,1,asap,next_cycle,8,1,2,8,1,1296,1303,0.994628,105,0.080583,0.124328
VQE_H6_Q36_s1_raw,raw,VQE,6,36,1,35,35,1,asap,next_cycle,8,1,2,16,1,1296,1303,0.994628,105,0.080583,0.124328
VQE_H6_Q36_s1_raw,raw,VQE,6,36,1,35,35,1,ff_rate_matched,next_cycle,8,1,2,4,1,1296,1302,0.995392,9,0.006912,0.124424
VQE_H6_Q36_s1_raw,raw,VQE,6,36,1,35,35,1,ff_rate_matched,next_cycle,8,1,2,8,1,1296,1302,0.995392,13,0.009985,0.124424
VQE_H6_Q36_s1_raw,raw,VQE,6,36,1,35,35,1,ff_rate_matched,next_cycle,8,1,2,16,1,1296,1302,0.995392,13,0.009985,0.124424
VQE_H6_Q36_s1_raw,raw,VQE,6,36,1,35,35,1,asap,next_cycle,16,1,2,4,1,1296,1303,0.994628,105,0.080583,0.062164
VQE_H6_Q36_s1_raw,raw,VQE,6,36,1,35,35,1,asap,next_cycle,16,1,2,8,1,1296,1303,0.994628,105,0.080583,0.062164
VQE_H6_Q36_s1_raw,raw,VQE,6,36,1,35,35,1,asap,next_cycle,16,1,2,16,1,1296,1303,0.994628,106,0.081351,0.062164
VQE_H6_Q36_s1_raw,raw,VQE,6,36,1,35,35,1,ff_rate_matched,next_cycle,16,1,2,4,1,1296,1302,0.995392,9,0.006912,0.062212
VQE_H6_Q36_s1_raw,raw,VQE,6,36,1,35,35,1,ff_rate_matched,next_cycle,16,1,2,8,1,1296,1302,0.995392,13,0.009985,0.062212
VQE_H6_Q36_s1_raw,raw,VQE,6,36,1,35,35,1,ff_rate_matched,next_cycle,16,1,2,16,1,1296,1302,0.995392,21,0.016129,0.062212
VQE_H6_Q36_s2_raw,raw,VQE,6,36,2,35,35,1,asap,next_cycle,4,1,2,4,1,1296,1303,0.994628,105,0.080583,0.248657
VQE_H6_Q36_s2_raw,raw,VQE,6,36,2,35,35,1,asap,next_cycle,4,1,2,8,1,1296,1303,0.994628,105,0.080583,0.248657
VQE_H6_Q36_s2_raw,raw,VQE,6,36,2,35,35,1,asap,next_cycle,4,1,2,16,1,1296,1303,0.994628,105,0.080583,0.248657
VQE_H6_Q36_s2_raw,raw,VQE,6,36,2,35,35,1,ff_rate_matched,next_cycle,4,1,2,4,1,1296,1302,0.995392,9,0.006912,0.248848
VQE_H6_Q36_s2_raw,raw,VQE,6,36,2,35,35,1,ff_rate_matched,next_cycle,4,1,2,8,1,1296,1302,0.995392,9,0.006912,0.248848
VQE_H6_Q36_s2_raw,raw,VQE,6,36,2,35,35,1,ff_rate_matched,next_cycle,4,1,2,16,1,1296,1302,0.995392,9,0.006912,0.248848
VQE_H6_Q36_s2_raw,raw,VQE,6,36,2,35,35,1,asap,next_cycle,8,1,2,4,1,1296,1303,0.994628,105,0.080583,0.124328
VQE_H6_Q36_s2_raw,raw,VQE,6,36,2,35,35,1,asap,next_cycle,8,1,2,8,1,1296,1303,0.994628,105,0.080583,0.124328
VQE_H6_Q36_s2_raw,raw,VQE,6,36,2,35,35,1,asap,next_cycle,8,1,2,16,1,1296,1303,0.994628,105,0.080583,0.124328
VQE_H6_Q36_s2_raw,raw,VQE,6,36,2,35,35,1,ff_rate_matched,next_cycle,8,1,2,4,1,1296,1302,0.995392,9,0.006912,0.124424
VQE_H6_Q36_s2_raw,raw,VQE,6,36,2,35,35,1,ff_rate_matched,next_cycle,8,1,2,8,1,1296,1302,0.995392,13,0.009985,0.124424
VQE_H6_Q36_s2_raw,raw,VQE,6,36,2,35,35,1,ff_rate_matched,next_cycle,8,1,2,16,1,1296,1302,0.995392,13,0.009985,0.124424
VQE_H6_Q36_s2_raw,raw,VQE,6,36,2,35,35,1,asap,next_cycle,16,1,2,4,1,1296,1303,0.994628,105,0.080583,0.062164
VQE_H6_Q36_s2_raw,raw,VQE,6,36,2,35,35,1,asap,next_cycle,16,1,2,8,1,1296,1303,0.994628,105,0.080583,0.062164
VQE_H6_Q36_s2_raw,raw,VQE,6,36,2,35,35,1,asap,next_cycle,16,1,2,16,1,1296,1303,0.994628,106,0.081351,0.062164
VQE_H6_Q36_s2_raw,raw,VQE,6,36,2,35,35,1,ff_rate_matched,next_cycle,16,1,2,4,1,1296,1302,0.995392,9,0.006912,0.062212
VQE_H6_Q36_s2_raw,raw,VQE,6,36,2,35,35,1,ff_rate_matched,next_cycle,16,1,2,8,1,1296,1302,0.995392,13,0.009985,0.062212
VQE_H6_Q36_s2_raw,raw,VQE,6,36,2,35,35,1,ff_rate_matched,next_cycle,16,1,2,16,1,1296,1302,0.995392,21,0.016129,0.062212
VQE_H6_Q36_s3_raw,raw,VQE,6,36,3,35,35,1,asap,next_cycle,4,1,2,4,1,1296,1303,0.994628,105,0.080583,0.248657
VQE_H6_Q36_s3_raw,raw,VQE,6,36,3,35,35,1,asap,next_cycle,4,1,2,8,1,1296,1303,0.994628,105,0.080583,0.248657
VQE_H6_Q36_s3_raw,raw,VQE,6,36,3,35,35,1,asap,next_cycle,4,1,2,16,1,1296,1303,0.994628,105,0.080583,0.248657
VQE_H6_Q36_s3_raw,raw,VQE,6,36,3,35,35,1,ff_rate_matched,next_cycle,4,1,2,4,1,1296,1302,0.995392,9,0.006912,0.248848
VQE_H6_Q36_s3_raw,raw,VQE,6,36,3,35,35,1,ff_rate_matched,next_cycle,4,1,2,8,1,1296,1302,0.995392,9,0.006912,0.248848
VQE_H6_Q36_s3_raw,raw,VQE,6,36,3,35,35,1,ff_rate_matched,next_cycle,4,1,2,16,1,1296,1302,0.995392,9,0.006912,0.248848
VQE_H6_Q36_s3_raw,raw,VQE,6,36,3,35,35,1,asap,next_cycle,8,1,2,4,1,1296,1303,0.994628,105,0.080583,0.124328
VQE_H6_Q36_s3_raw,raw,VQE,6,36,3,35,35,1,asap,next_cycle,8,1,2,8,1,1296,1303,0.994628,105,0.080583,0.124328
VQE_H6_Q36_s3_raw,raw,VQE,6,36,3,35,35,1,asap,next_cycle,8,1,2,16,1,1296,1303,0.994628,105,0.080583,0.124328
VQE_H6_Q36_s3_raw,raw,VQE,6,36,3,35,35,1,ff_rate_matched,next_cycle,8,1,2,4,1,1296,1302,0.995392,9,0.006912,0.124424
VQE_H6_Q36_s3_raw,raw,VQE,6,36,3,35,35,1,ff_rate_matched,next_cycle,8,1,2,8,1,1296,1302,0.995392,13,0.009985,0.124424
VQE_H6_Q36_s3_raw,raw,VQE,6,36,3,35,35,1,ff_rate_matched,next_cycle,8,1,2,16,1,1296,1302,0.995392,13,0.009985,0.124424
VQE_H6_Q36_s3_raw,raw,VQE,6,36,3,35,35,1,asap,next_cycle,16,1,2,4,1,1296,1303,0.994628,105,0.080583,0.062164
VQE_H6_Q36_s3_raw,raw,VQE,6,36,3,35,35,1,asap,next_cycle,16,1,2,8,1,1296,1303,0.994628,105,0.080583,0.062164
VQE_H6_Q36_s3_raw,raw,VQE,6,36,3,35,35,1,asap,next_cycle,16,1,2,16,1,1296,1303,0.994628,106,0.081351,0.062164
VQE_H6_Q36_s3_raw,raw,VQE,6,36,3,35,35,1,ff_rate_matched,next_cycle,16,1,2,4,1,1296,1302,0.995392,9,0.006912,0.062212
VQE_H6_Q36_s3_raw,raw,VQE,6,36,3,35,35,1,ff_rate_matched,next_cycle,16,1,2,8,1,1296,1302,0.995392,13,0.009985,0.062212
VQE_H6_Q36_s3_raw,raw,VQE,6,36,3,35,35,1,ff_rate_matched,next_cycle,16,1,2,16,1,1296,1302,0.995392,21,0.016129,0.062212
VQE_H6_Q36_s4_raw,raw,VQE,6,36,4,35,35,1,asap,next_cycle,4,1,2,4,1,1296,1303,0.994628,105,0.080583,0.248657
VQE_H6_Q36_s4_raw,raw,VQE,6,36,4,35,35,1,asap,next_cycle,4,1,2,8,1,1296,1303,0.994628,105,0.080583,0.248657
VQE_H6_Q36_s4_raw,raw,VQE,6,36,4,35,35,1,asap,next_cycle,4,1,2,16,1,1296,1303,0.994628,105,0.080583,0.248657
VQE_H6_Q36_s4_raw,raw,VQE,6,36,4,35,35,1,ff_rate_matched,next_cycle,4,1,2,4,1,1296,1302,0.995392,9,0.006912,0.248848
VQE_H6_Q36_s4_raw,raw,VQE,6,36,4,35,35,1,ff_rate_matched,next_cycle,4,1,2,8,1,1296,1302,0.995392,9,0.006912,0.248848
VQE_H6_Q36_s4_raw,raw,VQE,6,36,4,35,35,1,ff_rate_matched,next_cycle,4,1,2,16,1,1296,1302,0.995392,9,0.006912,0.248848
VQE_H6_Q36_s4_raw,raw,VQE,6,36,4,35,35,1,asap,next_cycle,8,1,2,4,1,1296,1303,0.994628,105,0.080583,0.124328
VQE_H6_Q36_s4_raw,raw,VQE,6,36,4,35,35,1,asap,next_cycle,8,1,2,8,1,1296,1303,0.994628,105,0.080583,0.124328
VQE_H6_Q36_s4_raw,raw,VQE,6,36,4,35,35,1,asap,next_cycle,8,1,2,16,1,1296,1303,0.994628,105,0.080583,0.124328
VQE_H6_Q36_s4_raw,raw,VQE,6,36,4,35,35,1,ff_rate_matched,next_cycle,8,1,2,4,1,1296,1302,0.995392,9,0.006912,0.124424
VQE_H6_Q36_s4_raw,raw,VQE,6,36,4,35,35,1,ff_rate_matched,next_cycle,8,1,2,8,1,1296,1302,0.995392,13,0.009985,0.124424
VQE_H6_Q36_s4_raw,raw,VQE,6,36,4,35,35,1,ff_rate_matched,next_cycle,8,1,2,16,1,1296,1302,0.995392,13,0.009985,0.124424
VQE_H6_Q36_s4_raw,raw,VQE,6,36,4,35,35,1,asap,next_cycle,16,1,2,4,1,1296,1303,0.994628,105,0.080583,0.062164
VQE_H6_Q36_s4_raw,raw,VQE,6,36,4,35,35,1,asap,next_cycle,16,1,2,8,1,1296,1303,0.994628,105,0.080583,0.062164
VQE_H6_Q36_s4_raw,raw,VQE,6,36,4,35,35,1,asap,next_cycle,16,1,2,16,1,1296,1303,0.994628,106,0.081351,0.062164
VQE_H6_Q36_s4_raw,raw,VQE,6,36,4,35,35,1,ff_rate_matched,next_cycle,16,1,2,4,1,1296,1302,0.995392,9,0.006912,0.062212
VQE_H6_Q36_s4_raw,raw,VQE,6,36,4,35,35,1,ff_rate_matched,next_cycle,16,1,2,8,1,1296,1302,0.995392,13,0.009985,0.062212
VQE_H6_Q36_s4_raw,raw,VQE,6,36,4,35,35,1,ff_rate_matched,next_cycle,16,1,2,16,1,1296,1302,0.995392,21,0.016129,0.062212
VQE_H8_Q64_s0_raw,raw,VQE,8,64,0,63,63,1,asap,next_cycle,4,1,2,4,1,4096,4103,0.998294,189,0.046064,0.249573
VQE_H8_Q64_s0_raw,raw,VQE,8,64,0,63,63,1,asap,next_cycle,4,1,2,8,1,4096,4103,0.998294,189,0.046064,0.249573
VQE_H8_Q64_s0_raw,raw,VQE,8,64,0,63,63,1,asap,next_cycle,4,1,2,16,1,4096,4103,0.998294,189,0.046064,0.249573
VQE_H8_Q64_s0_raw,raw,VQE,8,64,0,63,63,1,ff_rate_matched,next_cycle,4,1,2,4,1,4096,4102,0.998537,9,0.002194,0.249634
VQE_H8_Q64_s0_raw,raw,VQE,8,64,0,63,63,1,ff_rate_matched,next_cycle,4,1,2,8,1,4096,4102,0.998537,9,0.002194,0.249634
VQE_H8_Q64_s0_raw,raw,VQE,8,64,0,63,63,1,ff_rate_matched,next_cycle,4,1,2,16,1,4096,4102,0.998537,9,0.002194,0.249634
VQE_H8_Q64_s0_raw,raw,VQE,8,64,0,63,63,1,asap,next_cycle,8,1,2,4,1,4096,4103,0.998294,189,0.046064,0.124787
VQE_H8_Q64_s0_raw,raw,VQE,8,64,0,63,63,1,asap,next_cycle,8,1,2,8,1,4096,4103,0.998294,189,0.046064,0.124787
VQE_H8_Q64_s0_raw,raw,VQE,8,64,0,63,63,1,asap,next_cycle,8,1,2,16,1,4096,4103,0.998294,189,0.046064,0.124787
VQE_H8_Q64_s0_raw,raw,VQE,8,64,0,63,63,1,ff_rate_matched,next_cycle,8,1,2,4,1,4096,4102,0.998537,9,0.002194,0.124817
VQE_H8_Q64_s0_raw,raw,VQE,8,64,0,63,63,1,ff_rate_matched,next_cycle,8,1,2,8,1,4096,4102,0.998537,13,0.003169,0.124817
VQE_H8_Q64_s0_raw,raw,VQE,8,64,0,63,63,1,ff_rate_matched,next_cycle,8,1,2,16,1,4096,4102,0.998537,13,0.003169,0.124817
VQE_H8_Q64_s0_raw,raw,VQE,8,64,0,63,63,1,asap,next_cycle,16,1,2,4,1,4096,4103,0.998294,189,0.046064,0.062393
VQE_H8_Q64_s0_raw,raw,VQE,8,64,0,63,63,1,asap,next_cycle,16,1,2,8,1,4096,4103,0.998294,189,0.046064,0.062393
VQE_H8_Q64_s0_raw,raw,VQE,8,64,0,63,63,1,asap,next_cycle,16,1,2,16,1,4096,4103,0.998294,189,0.046064,0.062393
VQE_H8_Q64_s0_raw,raw,VQE,8,64,0,63,63,1,ff_rate_matched,next_cycle,16,1,2,4,1,4096,4102,0.998537,9,0.002194,0.062409
VQE_H8_Q64_s0_raw,raw,VQE,8,64,0,63,63,1,ff_rate_matched,next_cycle,16,1,2,8,1,4096,4102,0.998537,13,0.003169,0.062409
VQE_H8_Q64_s0_raw,raw,VQE,8,64,0,63,63,1,ff_rate_matched,next_cycle,16,1,2,16,1,4096,4102,0.998537,21,0.005119,0.062409
VQE_H8_Q64_s1_raw,raw,VQE,8,64,1,63,63,1,asap,next_cycle,4,1,2,4,1,4096,4103,0.998294,189,0.046064,0.249573
VQE_H8_Q64_s1_raw,raw,VQE,8,64,1,63,63,1,asap,next_cycle,4,1,2,8,1,4096,4103,0.998294,189,0.046064,0.249573
VQE_H8_Q64_s1_raw,raw,VQE,8,64,1,63,63,1,asap,next_cycle,4,1,2,16,1,4096,4103,0.998294,189,0.046064,0.249573
VQE_H8_Q64_s1_raw,raw,VQE,8,64,1,63,63,1,ff_rate_matched,next_cycle,4,1,2,4,1,4096,4102,0.998537,9,0.002194,0.249634
VQE_H8_Q64_s1_raw,raw,VQE,8,64,1,63,63,1,ff_rate_matched,next_cycle,4,1,2,8,1,4096,4102,0.998537,9,0.002194,0.249634
VQE_H8_Q64_s1_raw,raw,VQE,8,64,1,63,63,1,ff_rate_matched,next_cycle,4,1,2,16,1,4096,4102,0.998537,9,0.002194,0.249634
VQE_H8_Q64_s1_raw,raw,VQE,8,64,1,63,63,1,asap,next_cycle,8,1,2,4,1,4096,4103,0.998294,189,0.046064,0.124787
VQE_H8_Q64_s1_raw,raw,VQE,8,64,1,63,63,1,asap,next_cycle,8,1,2,8,1,4096,4103,0.998294,189,0.046064,0.124787
VQE_H8_Q64_s1_raw,raw,VQE,8,64,1,63,63,1,asap,next_cycle,8,1,2,16,1,4096,4103,0.998294,189,0.046064,0.124787
VQE_H8_Q64_s1_raw,raw,VQE,8,64,1,63,63,1,ff_rate_matched,next_cycle,8,1,2,4,1,4096,4102,0.998537,9,0.002194,0.124817
VQE_H8_Q64_s1_raw,raw,VQE,8,64,1,63,63,1,ff_rate_matched,next_cycle,8,1,2,8,1,4096,4102,0.998537,13,0.003169,0.124817
VQE_H8_Q64_s1_raw,raw,VQE,8,64,1,63,63,1,ff_rate_matched,next_cycle,8,1,2,16,1,4096,4102,0.998537,13,0.003169,0.124817
VQE_H8_Q64_s1_raw,raw,VQE,8,64,1,63,63,1,asap,next_cycle,16,1,2,4,1,4096,4103,0.998294,189,0.046064,0.062393
VQE_H8_Q64_s1_raw,raw,VQE,8,64,1,63,63,1,asap,next_cycle,16,1,2,8,1,4096,4103,0.998294,189,0.046064,0.062393
VQE_H8_Q64_s1_raw,raw,VQE,8,64,1,63,63,1,asap,next_cycle,16,1,2,16,1,4096,4103,0.998294,189,0.046064,0.062393
VQE_H8_Q64_s1_raw,raw,VQE,8,64,1,63,63,1,ff_rate_matched,next_cycle,16,1,2,4,1,4096,4102,0.998537,9,0.002194,0.062409
VQE_H8_Q64_s1_raw,raw,VQE,8,64,1,63,63,1,ff_rate_matched,next_cycle,16,1,2,8,1,4096,4102,0.998537,13,0.003169,0.062409
VQE_H8_Q64_s1_raw,raw,VQE,8,64,1,63,63,1,ff_rate_matched,next_cycle,16,1,2,16,1,4096,4102,0.998537,21,0.005119,0.062409
VQE_H8_Q64_s2_raw,raw,VQE,8,64,2,63,63,1,asap,next_cycle,4,1,2,4,1,4096,4103,0.998294,189,0.046064,0.249573
VQE_H8_Q64_s2_raw,raw,VQE,8,64,2,63,63,1,asap,next_cycle,4,1,2,8,1,4096,4103,0.998294,189,0.046064,0.249573
VQE_H8_Q64_s2_raw,raw,VQE,8,64,2,63,63,1,asap,next_cycle,4,1,2,16,1,4096,4103,0.998294,189,0.046064,0.249573
VQE_H8_Q64_s2_raw,raw,VQE,8,64,2,63,63,1,ff_rate_matched,next_cycle,4,1,2,4,1,4096,4102,0.998537,9,0.002194,0.249634
VQE_H8_Q64_s2_raw,raw,VQE,8,64,2,63,63,1,ff_rate_matched,next_cycle,4,1,2,8,1,4096,4102,0.998537,9,0.002194,0.249634
VQE_H8_Q64_s2_raw,raw,VQE,8,64,2,63,63,1,ff_rate_matched,next_cycle,4,1,2,16,1,4096,4102,0.998537,9,0.002194,0.249634
VQE_H8_Q64_s2_raw,raw,VQE,8,64,2,63,63,1,asap,next_cycle,8,1,2,4,1,4096,4103,0.998294,189,0.046064,0.124787
VQE_H8_Q64_s2_raw,raw,VQE,8,64,2,63,63,1,asap,next_cycle,8,1,2,8,1,4096,4103,0.998294,189,0.046064,0.124787
VQE_H8_Q64_s2_raw,raw,VQE,8,64,2,63,63,1,asap,next_cycle,8,1,2,16,1,4096,4103,0.998294,189,0.046064,0.124787
VQE_H8_Q64_s2_raw,raw,VQE,8,64,2,63,63,1,ff_rate_matched,next_cycle,8,1,2,4,1,4096,4102,0.998537,9,0.002194,0.124817
VQE_H8_Q64_s2_raw,raw,VQE,8,64,2,63,63,1,ff_rate_matched,next_cycle,8,1,2,8,1,4096,4102,0.998537,13,0.003169,0.124817
VQE_H8_Q64_s2_raw,raw,VQE,8,64,2,63,63,1,ff_rate_matched,next_cycle,8,1,2,16,1,4096,4102,0.998537,13,0.003169,0.124817
VQE_H8_Q64_s2_raw,raw,VQE,8,64,2,63,63,1,asap,next_cycle,16,1,2,4,1,4096,4103,0.998294,189,0.046064,0.062393
VQE_H8_Q64_s2_raw,raw,VQE,8,64,2,63,63,1,asap,next_cycle,16,1,2,8,1,4096,4103,0.998294,189,0.046064,0.062393
VQE_H8_Q64_s2_raw,raw,VQE,8,64,2,63,63,1,asap,next_cycle,16,1,2,16,1,4096,4103,0.998294,189,0.046064,0.062393
VQE_H8_Q64_s2_raw,raw,VQE,8,64,2,63,63,1,ff_rate_matched,next_cycle,16,1,2,4,1,4096,4102,0.998537,9,0.002194,0.062409
VQE_H8_Q64_s2_raw,raw,VQE,8,64,2,63,63,1,ff_rate_matched,next_cycle,16,1,2,8,1,4096,4102,0.998537,13,0.003169,0.062409
VQE_H8_Q64_s2_raw,raw,VQE,8,64,2,63,63,1,ff_rate_matched,next_cycle,16,1,2,16,1,4096,4102,0.998537,21,0.005119,0.062409
VQE_H8_Q64_s3_raw,raw,VQE,8,64,3,63,63,1,asap,next_cycle,4,1,2,4,1,4096,4103,0.998294,189,0.046064,0.249573
VQE_H8_Q64_s3_raw,raw,VQE,8,64,3,63,63,1,asap,next_cycle,4,1,2,8,1,4096,4103,0.998294,189,0.046064,0.249573
VQE_H8_Q64_s3_raw,raw,VQE,8,64,3,63,63,1,asap,next_cycle,4,1,2,16,1,4096,4103,0.998294,189,0.046064,0.249573
VQE_H8_Q64_s3_raw,raw,VQE,8,64,3,63,63,1,ff_rate_matched,next_cycle,4,1,2,4,1,4096,4102,0.998537,9,0.002194,0.249634
VQE_H8_Q64_s3_raw,raw,VQE,8,64,3,63,63,1,ff_rate_matched,next_cycle,4,1,2,8,1,4096,4102,0.998537,9,0.002194,0.249634
VQE_H8_Q64_s3_raw,raw,VQE,8,64,3,63,63,1,ff_rate_matched,next_cycle,4,1,2,16,1,4096,4102,0.998537,9,0.002194,0.249634
VQE_H8_Q64_s3_raw,raw,VQE,8,64,3,63,63,1,asap,next_cycle,8,1,2,4,1,4096,4103,0.998294,189,0.046064,0.124787
VQE_H8_Q64_s3_raw,raw,VQE,8,64,3,63,63,1,asap,next_cycle,8,1,2,8,1,4096,4103,0.998294,189,0.046064,0.124787
VQE_H8_Q64_s3_raw,raw,VQE,8,64,3,63,63,1,asap,next_cycle,8,1,2,16,1,4096,4103,0.998294,189,0.046064,0.124787
VQE_H8_Q64_s3_raw,raw,VQE,8,64,3,63,63,1,ff_rate_matched,next_cycle,8,1,2,4,1,4096,4102,0.998537,9,0.002194,0.124817
VQE_H8_Q64_s3_raw,raw,VQE,8,64,3,63,63,1,ff_rate_matched,next_cycle,8,1,2,8,1,4096,4102,0.998537,13,0.003169,0.124817
VQE_H8_Q64_s3_raw,raw,VQE,8,64,3,63,63,1,ff_rate_matched,next_cycle,8,1,2,16,1,4096,4102,0.998537,13,0.003169,0.124817
VQE_H8_Q64_s3_raw,raw,VQE,8,64,3,63,63,1,asap,next_cycle,16,1,2,4,1,4096,4103,0.998294,189,0.046064,0.062393
VQE_H8_Q64_s3_raw,raw,VQE,8,64,3,63,63,1,asap,next_cycle,16,1,2,8,1,4096,4103,0.998294,189,0.046064,0.062393
VQE_H8_Q64_s3_raw,raw,VQE,8,64,3,63,63,1,asap,next_cycle,16,1,2,16,1,4096,4103,0.998294,189,0.046064,0.062393
VQE_H8_Q64_s3_raw,raw,VQE,8,64,3,63,63,1,ff_rate_matched,next_cycle,16,1,2,4,1,4096,4102,0.998537,9,0.002194,0.062409
VQE_H8_Q64_s3_raw,raw,VQE,8,64,3,63,63,1,ff_rate_matched,next_cycle,16,1,2,8,1,4096,4102,0.998537,13,0.003169,0.062409
VQE_H8_Q64_s3_raw,raw,VQE,8,64,3,63,63,1,ff_rate_matched,next_cycle,16,1,2,16,1,4096,4102,0.998537,21,0.005119,0.062409
VQE_H8_Q64_s4_raw,raw,VQE,8,64,4,63,63,1,asap,next_cycle,4,1,2,4,1,4096,4103,0.998294,189,0.046064,0.249573
VQE_H8_Q64_s4_raw,raw,VQE,8,64,4,63,63,1,asap,next_cycle,4,1,2,8,1,4096,4103,0.998294,189,0.046064,0.249573
VQE_H8_Q64_s4_raw,raw,VQE,8,64,4,63,63,1,asap,next_cycle,4,1,2,16,1,4096,4103,0.998294,189,0.046064,0.249573
VQE_H8_Q64_s4_raw,raw,VQE,8,64,4,63,63,1,ff_rate_matched,next_cycle,4,1,2,4,1,4096,4102,0.998537,9,0.002194,0.249634
VQE_H8_Q64_s4_raw,raw,VQE,8,64,4,63,63,1,ff_rate_matched,next_cycle,4,1,2,8,1,4096,4102,0.998537,9,0.002194,0.249634
VQE_H8_Q64_s4_raw,raw,VQE,8,64,4,63,63,1,ff_rate_matched,next_cycle,4,1,2,16,1,4096,4102,0.998537,9,0.002194,0.249634
VQE_H8_Q64_s4_raw,raw,VQE,8,64,4,63,63,1,asap,next_cycle,8,1,2,4,1,4096,4103,0.998294,189,0.046064,0.124787
VQE_H8_Q64_s4_raw,raw,VQE,8,64,4,63,63,1,asap,next_cycle,8,1,2,8,1,4096,4103,0.998294,189,0.046064,0.124787
VQE_H8_Q64_s4_raw,raw,VQE,8,64,4,63,63,1,asap,next_cycle,8,1,2,16,1,4096,4103,0.998294,189,0.046064,0.124787
VQE_H8_Q64_s4_raw,raw,VQE,8,64,4,63,63,1,ff_rate_matched,next_cycle,8,1,2,4,1,4096,4102,0.998537,9,0.002194,0.124817
VQE_H8_Q64_s4_raw,raw,VQE,8,64,4,63,63,1,ff_rate_matched,next_cycle,8,1,2,8,1,4096,4102,0.998537,13,0.003169,0.124817
VQE_H8_Q64_s4_raw,raw,VQE,8,64,4,63,63,1,ff_rate_matched,next_cycle,8,1,2,16,1,4096,4102,0.998537,13,0.003169,0.124817
VQE_H8_Q64_s4_raw,raw,VQE,8,64,4,63,63,1,asap,next_cycle,16,1,2,4,1,4096,4103,0.998294,189,0.046064,0.062393
VQE_H8_Q64_s4_raw,raw,VQE,8,64,4,63,63,1,asap,next_cycle,16,1,2,8,1,4096,4103,0.998294,189,0.046064,0.062393
VQE_H8_Q64_s4_raw,raw,VQE,8,64,4,63,63,1,asap,next_cycle,16,1,2,16,1,4096,4103,0.998294,189,0.046064,0.062393
VQE_H8_Q64_s4_raw,raw,VQE,8,64,4,63,63,1,ff_rate_matched,next_cycle,16,1,2,4,1,4096,4102,0.998537,9,0.002194,0.062409
VQE_H8_Q64_s4_raw,raw,VQE,8,64,4,63,63,1,ff_rate_matched,next_cycle,16,1,2,8,1,4096,4102,0.998537,13,0.003169,0.062409
VQE_H8_Q64_s4_raw,raw,VQE,8,64,4,63,63,1,ff_rate_matched,next_cycle,16,1,2,16,1,4096,4102,0.998537,21,0.005119,0.062409
